task_id,baseline_start,duration_hours,labor,material,equipment,energy,testing_inspection,project_management,facility,utilities,communication,training,quality_management,overtime,delay_penalty,inventory_holding,waiting_cost,idle_resource,revenue_delay,expediting,insurance,rework,warranty,litigation,regulatory_compliance,contingency_reserve,management_reserve,transportation,ordering,packaging,reverse_logistics,customs,supplier_coordination,opportunity_cost,capital_cost,financing_cost,npv_loss,esg_cost,carbon_tax,reputation_cost,task_name,total_cost
C2012-08_1,2013-04-20T06:00:00+00:00,240.0,0.0,1044000.0,0.0,0.0,31946.4,32904.79,21936.53,10968.26,10968.26,5484.13,16452.4,0.0,21936.53,21936.53,10968.26,10968.26,16452.4,10968.26,27420.66,21936.53,16452.4,10968.26,16452.4,27420.66,21936.53,27420.66,10968.26,5484.13,16452.4,10968.26,21936.53,10968.26,21936.53,21936.53,16452.4,16452.4,10968.26,10968.26,Fabrication of pre-piling template,1613391.33
C2012-08_2,2013-05-05T06:00:00+00:00,160.0,0.0,58000.0,0.0,0.0,1774.8,1828.04,1218.7,609.35,609.35,304.67,914.02,0.0,1218.7,1218.7,609.35,609.35,914.02,609.35,1523.37,1218.7,914.02,609.35,914.02,1523.37,1218.7,1523.37,609.35,304.67,914.02,609.35,1218.7,609.35,1218.7,1218.7,914.02,914.02,609.35,609.35,Transportation of template and mounting on Jack Up Platform Buzzard,89632.88
C2012-08_3,2013-05-15T06:00:00+00:00,16.0,11840.0,0.0,51200.0,12800.0,2352.0,2422.56,1615.04,807.52,807.52,403.76,1211.28,0.0,1615.04,1615.04,807.52,807.52,1211.28,807.52,2018.8,1615.04,1211.28,807.52,1211.28,2018.8,1615.04,2018.8,807.52,403.76,1211.28,807.52,1615.04,807.52,1615.04,1615.04,1211.28,1211.28,807.52,807.52,Mobilisation of Jack Up Platform Buzzard,117760.48
C2012-08_551,2013-02-04T06:00:00+00:00,800.0,0.0,6264000.0,0.0,0.0,191678.4,197428.75,131619.17,65809.58,65809.58,32904.79,98714.38,0.0,131619.17,131619.17,65809.58,65809.58,98714.38,65809.58,164523.96,131619.17,98714.38,65809.58,98714.38,164523.96,131619.17,164523.96,65809.58,32904.79,98714.38,65809.58,131619.17,65809.58,131619.17,131619.17,98714.38,98714.38,65809.58,65809.58,Purchasing of pin-piles,9680348.01
C2012-08_11,2013-03-01T06:00:00+00:00,400.0,0.0,19200.0,0.0,0.0,587.52,605.15,403.43,201.72,201.72,100.86,302.57,0.0,403.43,403.43,201.72,201.72,302.57,201.72,504.29,403.43,302.57,201.72,302.57,504.29,403.43,504.29,201.72,100.86,302.57,201.72,403.43,201.72,403.43,403.43,302.57,302.57,201.72,201.72,Continious delivery of pin-piles,29671.61
C2012-08_6,2013-04-06T06:00:00+00:00,240.0,62400.0,0.0,796800.0,199200.0,32947.2,33935.62,22623.74,11311.87,11311.87,5655.94,16967.81,0.0,22623.74,22623.74,11311.87,11311.87,16967.81,11311.87,28279.68,22623.74,16967.81,11311.87,16967.81,28279.68,22623.74,28279.68,11311.87,5655.94,16967.81,11311.87,22623.74,11311.87,22623.74,22623.74,16967.81,16967.81,11311.87,11311.87,Mobilisation of vessels,1645628.9
C2012-08_7,2013-04-21T06:00:00+00:00,400.0,760000.0,0.0,1328000.0,332000.0,74592.0,76829.76,51219.84,25609.92,25609.92,12804.96,38414.88,0.0,51219.84,51219.84,25609.92,25609.92,38414.88,25609.92,64024.8,51219.84,38414.88,25609.92,38414.88,64024.8,51219.84,64024.8,25609.92,12804.96,38414.88,25609.92,51219.84,25609.92,51219.84,51219.84,38414.88,38414.88,25609.92,25609.92,Seabed preparations,3749478.08
C2012-08_526,2013-05-16T06:00:00+00:00,16.0,3680.0,4050.0,9600.0,2400.0,606.3,624.49,416.33,208.16,208.16,104.08,312.24,0.0,416.33,416.33,208.16,208.16,312.24,208.16,520.41,416.33,312.24,208.16,312.24,520.41,416.33,520.41,208.16,104.08,312.24,208.16,416.33,208.16,416.33,416.33,312.24,312.24,208.16,208.16,Delivery of pin-piles OTS,30536.26
C2012-08_527,2013-05-20T06:00:00+00:00,16.0,3680.0,4050.0,9600.0,2400.0,606.3,624.49,416.33,208.16,208.16,104.08,312.24,0.0,416.33,416.33,208.16,208.16,312.24,208.16,520.41,416.33,312.24,208.16,312.24,520.41,416.33,520.41,208.16,104.08,312.24,208.16,416.33,208.16,416.33,416.33,312.24,312.24,208.16,208.16,Delivery of pin-piles 1,30536.26
C2012-08_528,2013-05-24T06:00:00+00:00,16.0,3680.0,4050.0,9600.0,2400.0,606.3,624.49,416.33,208.16,208.16,104.08,312.24,0.0,416.33,416.33,208.16,208.16,312.24,208.16,520.41,416.33,312.24,208.16,312.24,520.41,416.33,520.41,208.16,104.08,312.24,208.16,416.33,208.16,416.33,416.33,312.24,312.24,208.16,208.16,Delivery of pin-piles 2,30536.26
C2012-08_529,2013-05-28T06:00:00+00:00,16.0,3680.0,4050.0,9600.0,2400.0,606.3,624.49,416.33,208.16,208.16,104.08,312.24,0.0,416.33,416.33,208.16,208.16,312.24,208.16,520.41,416.33,312.24,208.16,312.24,520.41,416.33,520.41,208.16,104.08,312.24,208.16,416.33,208.16,416.33,416.33,312.24,312.24,208.16,208.16,Delivery of pin-piles 3,30536.26
C2012-08_530,2013-06-01T06:00:00+00:00,16.0,3680.0,4050.0,9600.0,2400.0,606.3,624.49,416.33,208.16,208.16,104.08,312.24,0.0,416.33,416.33,208.16,208.16,312.24,208.16,520.41,416.33,312.24,208.16,312.24,520.41,416.33,520.41,208.16,104.08,312.24,208.16,416.33,208.16,416.33,416.33,312.24,312.24,208.16,208.16,Delivery of pin-piles 4,30536.26
C2012-08_531,2013-06-05T06:00:00+00:00,16.0,3680.0,4050.0,9600.0,2400.0,606.3,624.49,416.33,208.16,208.16,104.08,312.24,0.0,416.33,416.33,208.16,208.16,312.24,208.16,520.41,416.33,312.24,208.16,312.24,520.41,416.33,520.41,208.16,104.08,312.24,208.16,416.33,208.16,416.33,416.33,312.24,312.24,208.16,208.16,Delivery of pin-piles 5,30536.26
C2012-08_532,2013-06-10T06:00:00+00:00,16.0,3680.0,4050.0,9600.0,2400.0,606.3,624.49,416.33,208.16,208.16,104.08,312.24,0.0,416.33,416.33,208.16,208.16,312.24,208.16,520.41,416.33,312.24,208.16,312.24,520.41,416.33,520.41,208.16,104.08,312.24,208.16,416.33,208.16,416.33,416.33,312.24,312.24,208.16,208.16,Delivery of pin-piles 6,30536.26
C2012-08_533,2013-06-14T06:00:00+00:00,16.0,3680.0,4050.0,9600.0,2400.0,606.3,624.49,416.33,208.16,208.16,104.08,312.24,0.0,416.33,416.33,208.16,208.16,312.24,208.16,520.41,416.33,312.24,208.16,312.24,520.41,416.33,520.41,208.16,104.08,312.24,208.16,416.33,208.16,416.33,416.33,312.24,312.24,208.16,208.16,Delivery of pin-piles 7,30536.26
C2012-08_534,2013-06-18T06:00:00+00:00,16.0,3680.0,4050.0,9600.0,2400.0,606.3,624.49,416.33,208.16,208.16,104.08,312.24,0.0,416.33,416.33,208.16,208.16,312.24,208.16,520.41,416.33,312.24,208.16,312.24,520.41,416.33,520.41,208.16,104.08,312.24,208.16,416.33,208.16,416.33,416.33,312.24,312.24,208.16,208.16,Delivery of pin-piles 8,30536.26
C2012-08_535,2013-06-22T06:00:00+00:00,16.0,3680.0,4050.0,9600.0,2400.0,606.3,624.49,416.33,208.16,208.16,104.08,312.24,0.0,416.33,416.33,208.16,208.16,312.24,208.16,520.41,416.33,312.24,208.16,312.24,520.41,416.33,520.41,208.16,104.08,312.24,208.16,416.33,208.16,416.33,416.33,312.24,312.24,208.16,208.16,Delivery of pin-piles 9,30536.26
C2012-08_536,2013-06-26T06:00:00+00:00,16.0,3680.0,4050.0,9600.0,2400.0,606.3,624.49,416.33,208.16,208.16,104.08,312.24,0.0,416.33,416.33,208.16,208.16,312.24,208.16,520.41,416.33,312.24,208.16,312.24,520.41,416.33,520.41,208.16,104.08,312.24,208.16,416.33,208.16,416.33,416.33,312.24,312.24,208.16,208.16,Delivery of pin-piles 10,30536.26
C2012-08_537,2013-06-30T06:00:00+00:00,16.0,3680.0,4050.0,9600.0,2400.0,606.3,624.49,416.33,208.16,208.16,104.08,312.24,0.0,416.33,416.33,208.16,208.16,312.24,208.16,520.41,416.33,312.24,208.16,312.24,520.41,416.33,520.41,208.16,104.08,312.24,208.16,416.33,208.16,416.33,416.33,312.24,312.24,208.16,208.16,Delivery of pin-piles 11,30536.26
C2012-08_538,2013-07-04T06:00:00+00:00,16.0,3680.0,4050.0,9600.0,2400.0,606.3,624.49,416.33,208.16,208.16,104.08,312.24,0.0,416.33,416.33,208.16,208.16,312.24,208.16,520.41,416.33,312.24,208.16,312.24,520.41,416.33,520.41,208.16,104.08,312.24,208.16,416.33,208.16,416.33,416.33,312.24,312.24,208.16,208.16,Delivery of pin-piles 12,30536.26
C2012-08_539,2013-07-08T06:00:00+00:00,16.0,3680.0,4050.0,9600.0,2400.0,606.3,624.49,416.33,208.16,208.16,104.08,312.24,0.0,416.33,416.33,208.16,208.16,312.24,208.16,520.41,416.33,312.24,208.16,312.24,520.41,416.33,520.41,208.16,104.08,312.24,208.16,416.33,208.16,416.33,416.33,312.24,312.24,208.16,208.16,Delivery of pin-piles 13,30536.26
C2012-08_540,2013-07-12T06:00:00+00:00,16.0,3680.0,4050.0,9600.0,2400.0,606.3,624.49,416.33,208.16,208.16,104.08,312.24,0.0,416.33,416.33,208.16,208.16,312.24,208.16,520.41,416.33,312.24,208.16,312.24,520.41,416.33,520.41,208.16,104.08,312.24,208.16,416.33,208.16,416.33,416.33,312.24,312.24,208.16,208.16,Delivery of pin-piles 14,30536.26
C2012-08_541,2013-07-16T06:00:00+00:00,16.0,3680.0,4050.0,9600.0,2400.0,606.3,624.49,416.33,208.16,208.16,104.08,312.24,0.0,416.33,416.33,208.16,208.16,312.24,208.16,520.41,416.33,312.24,208.16,312.24,520.41,416.33,520.41,208.16,104.08,312.24,208.16,416.33,208.16,416.33,416.33,312.24,312.24,208.16,208.16,Delivery of pin-piles 15,30536.26
C2012-08_542,2013-07-20T06:00:00+00:00,16.0,3680.0,4050.0,9600.0,2400.0,606.3,624.49,416.33,208.16,208.16,104.08,312.24,0.0,416.33,416.33,208.16,208.16,312.24,208.16,520.41,416.33,312.24,208.16,312.24,520.41,416.33,520.41,208.16,104.08,312.24,208.16,416.33,208.16,416.33,416.33,312.24,312.24,208.16,208.16,Delivery of pin-piles 16,30536.26
C2012-08_543,2013-07-24T06:00:00+00:00,16.0,3680.0,4050.0,9600.0,2400.0,606.3,624.49,416.33,208.16,208.16,104.08,312.24,0.0,416.33,416.33,208.16,208.16,312.24,208.16,520.41,416.33,312.24,208.16,312.24,520.41,416.33,520.41,208.16,104.08,312.24,208.16,416.33,208.16,416.33,416.33,312.24,312.24,208.16,208.16,Delivery of pin-piles 17,30536.26
C2012-08_544,2013-07-28T06:00:00+00:00,16.0,3680.0,4050.0,9600.0,2400.0,606.3,624.49,416.33,208.16,208.16,104.08,312.24,0.0,416.33,416.33,208.16,208.16,312.24,208.16,520.41,416.33,312.24,208.16,312.24,520.41,416.33,520.41,208.16,104.08,312.24,208.16,416.33,208.16,416.33,416.33,312.24,312.24,208.16,208.16,Delivery of pin-piles 18,30536.26
C2012-08_545,2013-08-01T06:00:00+00:00,16.0,3680.0,4050.0,9600.0,2400.0,606.3,624.49,416.33,208.16,208.16,104.08,312.24,0.0,416.33,416.33,208.16,208.16,312.24,208.16,520.41,416.33,312.24,208.16,312.24,520.41,416.33,520.41,208.16,104.08,312.24,208.16,416.33,208.16,416.33,416.33,312.24,312.24,208.16,208.16,Delivery of pin-piles 19,30536.26
C2012-08_546,2013-08-05T06:00:00+00:00,16.0,3680.0,4050.0,9600.0,2400.0,606.3,624.49,416.33,208.16,208.16,104.08,312.24,0.0,416.33,416.33,208.16,208.16,312.24,208.16,520.41,416.33,312.24,208.16,312.24,520.41,416.33,520.41,208.16,104.08,312.24,208.16,416.33,208.16,416.33,416.33,312.24,312.24,208.16,208.16,Delivery of pin-piles 20,30536.26
C2012-08_547,2013-08-13T06:00:00+00:00,16.0,3680.0,4050.0,9600.0,2400.0,606.3,624.49,416.33,208.16,208.16,104.08,312.24,0.0,416.33,416.33,208.16,208.16,312.24,208.16,520.41,416.33,312.24,208.16,312.24,520.41,416.33,520.41,208.16,104.08,312.24,208.16,416.33,208.16,416.33,416.33,312.24,312.24,208.16,208.16,Delivery of pin-piles 21,30536.26
C2012-08_548,2013-08-09T06:00:00+00:00,16.0,3680.0,4050.0,9600.0,2400.0,606.3,624.49,416.33,208.16,208.16,104.08,312.24,0.0,416.33,416.33,208.16,208.16,312.24,208.16,520.41,416.33,312.24,208.16,312.24,520.41,416.33,520.41,208.16,104.08,312.24,208.16,416.33,208.16,416.33,416.33,312.24,312.24,208.16,208.16,Delivery of pin-piles 22,30536.26
C2012-08_549,2013-08-17T06:00:00+00:00,16.0,3680.0,4050.0,9600.0,2400.0,606.3,624.49,416.33,208.16,208.16,104.08,312.24,0.0,416.33,416.33,208.16,208.16,312.24,208.16,520.41,416.33,312.24,208.16,312.24,520.41,416.33,520.41,208.16,104.08,312.24,208.16,416.33,208.16,416.33,416.33,312.24,312.24,208.16,208.16,Delivery of pin-piles 23,30536.26
C2012-08_550,2013-08-21T06:00:00+00:00,16.0,3680.0,4050.0,9600.0,2400.0,606.3,624.49,416.33,208.16,208.16,104.08,312.24,0.0,416.33,416.33,208.16,208.16,312.24,208.16,520.41,416.33,312.24,208.16,312.24,520.41,416.33,520.41,208.16,104.08,312.24,208.16,416.33,208.16,416.33,416.33,312.24,312.24,208.16,208.16,Delivery of pin-piles 24,30536.26
C2012-08_12,2013-05-17T06:00:00+00:00,32.0,60800.0,0.0,102400.0,25600.0,5817.6,5992.13,3994.75,1997.38,1997.38,998.69,2996.06,0.0,3994.75,3994.75,1997.38,1997.38,2996.06,1997.38,4993.44,3994.75,2996.06,1997.38,2996.06,4993.44,3994.75,4993.44,1997.38,998.69,2996.06,1997.38,3994.75,1997.38,3994.75,3994.75,2996.06,2996.06,1997.38,1997.38,OTS: drive 4 pin-piles for OTS foundation into seabed,292489.03
C2012-08_13,2013-05-21T06:00:00+00:00,32.0,60800.0,0.0,102400.0,25600.0,5817.6,5992.13,3994.75,1997.38,1997.38,998.69,2996.06,0.0,3994.75,3994.75,1997.38,1997.38,2996.06,1997.38,4993.44,3994.75,2996.06,1997.38,2996.06,4993.44,3994.75,4993.44,1997.38,998.69,2996.06,1997.38,3994.75,1997.38,3994.75,3994.75,2996.06,2996.06,1997.38,1997.38,Turbine1: drive 4 pin-piles for jacket foundation into seabed,292489.03
C2012-08_14,2013-05-25T06:00:00+00:00,32.0,60800.0,0.0,102400.0,25600.0,5817.6,5992.13,3994.75,1997.38,1997.38,998.69,2996.06,0.0,3994.75,3994.75,1997.38,1997.38,2996.06,1997.38,4993.44,3994.75,2996.06,1997.38,2996.06,4993.44,3994.75,4993.44,1997.38,998.69,2996.06,1997.38,3994.75,1997.38,3994.75,3994.75,2996.06,2996.06,1997.38,1997.38,Turbine2: drive 4 pin-piles for jacket foundation into seabed,292489.03
C2012-08_196,2013-05-29T06:00:00+00:00,32.0,60800.0,0.0,102400.0,25600.0,5817.6,5992.13,3994.75,1997.38,1997.38,998.69,2996.06,0.0,3994.75,3994.75,1997.38,1997.38,2996.06,1997.38,4993.44,3994.75,2996.06,1997.38,2996.06,4993.44,3994.75,4993.44,1997.38,998.69,2996.06,1997.38,3994.75,1997.38,3994.75,3994.75,2996.06,2996.06,1997.38,1997.38,Turbine3: drive 4 pin-piles for jacket foundation into seabed,292489.03
C2012-08_197,2013-06-02T06:00:00+00:00,32.0,60800.0,0.0,102400.0,25600.0,5817.6,5992.13,3994.75,1997.38,1997.38,998.69,2996.06,0.0,3994.75,3994.75,1997.38,1997.38,2996.06,1997.38,4993.44,3994.75,2996.06,1997.38,2996.06,4993.44,3994.75,4993.44,1997.38,998.69,2996.06,1997.38,3994.75,1997.38,3994.75,3994.75,2996.06,2996.06,1997.38,1997.38,Turbine4: drive 4 pin-piles for jacket foundation into seabed,292489.03
C2012-08_198,2013-06-06T06:00:00+00:00,32.0,60800.0,0.0,102400.0,25600.0,5817.6,5992.13,3994.75,1997.38,1997.38,998.69,2996.06,0.0,3994.75,3994.75,1997.38,1997.38,2996.06,1997.38,4993.44,3994.75,2996.06,1997.38,2996.06,4993.44,3994.75,4993.44,1997.38,998.69,2996.06,1997.38,3994.75,1997.38,3994.75,3994.75,2996.06,2996.06,1997.38,1997.38,Turbine5: drive 4 pin-piles for jacket foundation into seabed,292489.03
C2012-08_199,2013-06-11T06:00:00+00:00,32.0,60800.0,0.0,102400.0,25600.0,5817.6,5992.13,3994.75,1997.38,1997.38,998.69,2996.06,0.0,3994.75,3994.75,1997.38,1997.38,2996.06,1997.38,4993.44,3994.75,2996.06,1997.38,2996.06,4993.44,3994.75,4993.44,1997.38,998.69,2996.06,1997.38,3994.75,1997.38,3994.75,3994.75,2996.06,2996.06,1997.38,1997.38,Turbine6: drive 4 pin-piles for jacket foundation into seabed,292489.03
C2012-08_200,2013-06-15T06:00:00+00:00,32.0,60800.0,0.0,102400.0,25600.0,5817.6,5992.13,3994.75,1997.38,1997.38,998.69,2996.06,0.0,3994.75,3994.75,1997.38,1997.38,2996.06,1997.38,4993.44,3994.75,2996.06,1997.38,2996.06,4993.44,3994.75,4993.44,1997.38,998.69,2996.06,1997.38,3994.75,1997.38,3994.75,3994.75,2996.06,2996.06,1997.38,1997.38,Turbine7: drive 4 pin-piles for jacket foundation into seabed,292489.03
C2012-08_201,2013-06-19T06:00:00+00:00,32.0,60800.0,0.0,102400.0,25600.0,5817.6,5992.13,3994.75,1997.38,1997.38,998.69,2996.06,0.0,3994.75,3994.75,1997.38,1997.38,2996.06,1997.38,4993.44,3994.75,2996.06,1997.38,2996.06,4993.44,3994.75,4993.44,1997.38,998.69,2996.06,1997.38,3994.75,1997.38,3994.75,3994.75,2996.06,2996.06,1997.38,1997.38,Turbine8: drive 4 pin-piles for jacket foundation into seabed,292489.03
C2012-08_202,2013-06-23T06:00:00+00:00,32.0,60800.0,0.0,102400.0,25600.0,5817.6,5992.13,3994.75,1997.38,1997.38,998.69,2996.06,0.0,3994.75,3994.75,1997.38,1997.38,2996.06,1997.38,4993.44,3994.75,2996.06,1997.38,2996.06,4993.44,3994.75,4993.44,1997.38,998.69,2996.06,1997.38,3994.75,1997.38,3994.75,3994.75,2996.06,2996.06,1997.38,1997.38,Turbine9: drive 4 pin-piles for jacket foundation into seabed,292489.03
C2012-08_203,2013-06-27T06:00:00+00:00,32.0,60800.0,0.0,102400.0,25600.0,5817.6,5992.13,3994.75,1997.38,1997.38,998.69,2996.06,0.0,3994.75,3994.75,1997.38,1997.38,2996.06,1997.38,4993.44,3994.75,2996.06,1997.38,2996.06,4993.44,3994.75,4993.44,1997.38,998.69,2996.06,1997.38,3994.75,1997.38,3994.75,3994.75,2996.06,2996.06,1997.38,1997.38,Turbine10: drive 4 pin-piles for jacket foundation into seabed,292489.03
C2012-08_204,2013-07-01T06:00:00+00:00,32.0,60800.0,0.0,102400.0,25600.0,5817.6,5992.13,3994.75,1997.38,1997.38,998.69,2996.06,0.0,3994.75,3994.75,1997.38,1997.38,2996.06,1997.38,4993.44,3994.75,2996.06,1997.38,2996.06,4993.44,3994.75,4993.44,1997.38,998.69,2996.06,1997.38,3994.75,1997.38,3994.75,3994.75,2996.06,2996.06,1997.38,1997.38,Turbine11: drive 4 pin-piles for jacket foundation into seabed,292489.03
C2012-08_205,2013-07-05T06:00:00+00:00,32.0,60800.0,0.0,102400.0,25600.0,5817.6,5992.13,3994.75,1997.38,1997.38,998.69,2996.06,0.0,3994.75,3994.75,1997.38,1997.38,2996.06,1997.38,4993.44,3994.75,2996.06,1997.38,2996.06,4993.44,3994.75,4993.44,1997.38,998.69,2996.06,1997.38,3994.75,1997.38,3994.75,3994.75,2996.06,2996.06,1997.38,1997.38,Turbine12: drive 4 pin-piles for jacket foundation into seabed,292489.03
C2012-08_206,2013-07-09T06:00:00+00:00,32.0,60800.0,0.0,102400.0,25600.0,5817.6,5992.13,3994.75,1997.38,1997.38,998.69,2996.06,0.0,3994.75,3994.75,1997.38,1997.38,2996.06,1997.38,4993.44,3994.75,2996.06,1997.38,2996.06,4993.44,3994.75,4993.44,1997.38,998.69,2996.06,1997.38,3994.75,1997.38,3994.75,3994.75,2996.06,2996.06,1997.38,1997.38,Turbine13: drive 4 pin-piles for jacket foundation into seabed,292489.03
C2012-08_207,2013-07-13T06:00:00+00:00,32.0,60800.0,0.0,102400.0,25600.0,5817.6,5992.13,3994.75,1997.38,1997.38,998.69,2996.06,0.0,3994.75,3994.75,1997.38,1997.38,2996.06,1997.38,4993.44,3994.75,2996.06,1997.38,2996.06,4993.44,3994.75,4993.44,1997.38,998.69,2996.06,1997.38,3994.75,1997.38,3994.75,3994.75,2996.06,2996.06,1997.38,1997.38,Turbine14: drive 4 pin-piles for jacket foundation into seabed,292489.03
C2012-08_208,2013-07-17T06:00:00+00:00,32.0,60800.0,0.0,102400.0,25600.0,5817.6,5992.13,3994.75,1997.38,1997.38,998.69,2996.06,0.0,3994.75,3994.75,1997.38,1997.38,2996.06,1997.38,4993.44,3994.75,2996.06,1997.38,2996.06,4993.44,3994.75,4993.44,1997.38,998.69,2996.06,1997.38,3994.75,1997.38,3994.75,3994.75,2996.06,2996.06,1997.38,1997.38,Turbine15: drive 4 pin-piles for jacket foundation into seabed,292489.03
C2012-08_209,2013-07-21T06:00:00+00:00,32.0,60800.0,0.0,102400.0,25600.0,5817.6,5992.13,3994.75,1997.38,1997.38,998.69,2996.06,0.0,3994.75,3994.75,1997.38,1997.38,2996.06,1997.38,4993.44,3994.75,2996.06,1997.38,2996.06,4993.44,3994.75,4993.44,1997.38,998.69,2996.06,1997.38,3994.75,1997.38,3994.75,3994.75,2996.06,2996.06,1997.38,1997.38,Turbine16: drive 4 pin-piles for jacket foundation into seabed,292489.03
C2012-08_210,2013-07-25T06:00:00+00:00,32.0,60800.0,0.0,102400.0,25600.0,5817.6,5992.13,3994.75,1997.38,1997.38,998.69,2996.06,0.0,3994.75,3994.75,1997.38,1997.38,2996.06,1997.38,4993.44,3994.75,2996.06,1997.38,2996.06,4993.44,3994.75,4993.44,1997.38,998.69,2996.06,1997.38,3994.75,1997.38,3994.75,3994.75,2996.06,2996.06,1997.38,1997.38,Turbine17: drive 4 pin-piles for jacket foundation into seabed,292489.03
C2012-08_211,2013-07-29T06:00:00+00:00,32.0,60800.0,0.0,102400.0,25600.0,5817.6,5992.13,3994.75,1997.38,1997.38,998.69,2996.06,0.0,3994.75,3994.75,1997.38,1997.38,2996.06,1997.38,4993.44,3994.75,2996.06,1997.38,2996.06,4993.44,3994.75,4993.44,1997.38,998.69,2996.06,1997.38,3994.75,1997.38,3994.75,3994.75,2996.06,2996.06,1997.38,1997.38,Turbine18: drive 4 pin-piles for jacket foundation into seabed,292489.03
C2012-08_212,2013-08-02T06:00:00+00:00,32.0,60800.0,0.0,102400.0,25600.0,5817.6,5992.13,3994.75,1997.38,1997.38,998.69,2996.06,0.0,3994.75,3994.75,1997.38,1997.38,2996.06,1997.38,4993.44,3994.75,2996.06,1997.38,2996.06,4993.44,3994.75,4993.44,1997.38,998.69,2996.06,1997.38,3994.75,1997.38,3994.75,3994.75,2996.06,2996.06,1997.38,1997.38,Turbine19: drive 4 pin-piles for jacket foundation into seabed,292489.03
C2012-08_213,2013-08-06T06:00:00+00:00,32.0,60800.0,0.0,102400.0,25600.0,5817.6,5992.13,3994.75,1997.38,1997.38,998.69,2996.06,0.0,3994.75,3994.75,1997.38,1997.38,2996.06,1997.38,4993.44,3994.75,2996.06,1997.38,2996.06,4993.44,3994.75,4993.44,1997.38,998.69,2996.06,1997.38,3994.75,1997.38,3994.75,3994.75,2996.06,2996.06,1997.38,1997.38,Turbine20: drive 4 pin-piles for jacket foundation into seabed,292489.03
C2012-08_214,2013-08-14T06:00:00+00:00,32.0,60800.0,0.0,102400.0,25600.0,5817.6,5992.13,3994.75,1997.38,1997.38,998.69,2996.06,0.0,3994.75,3994.75,1997.38,1997.38,2996.06,1997.38,4993.44,3994.75,2996.06,1997.38,2996.06,4993.44,3994.75,4993.44,1997.38,998.69,2996.06,1997.38,3994.75,1997.38,3994.75,3994.75,2996.06,2996.06,1997.38,1997.38,Turbine21: drive 4 pin-piles for jacket foundation into seabed,292489.03
C2012-08_215,2013-08-10T06:00:00+00:00,32.0,60800.0,0.0,102400.0,25600.0,5817.6,5992.13,3994.75,1997.38,1997.38,998.69,2996.06,0.0,3994.75,3994.75,1997.38,1997.38,2996.06,1997.38,4993.44,3994.75,2996.06,1997.38,2996.06,4993.44,3994.75,4993.44,1997.38,998.69,2996.06,1997.38,3994.75,1997.38,3994.75,3994.75,2996.06,2996.06,1997.38,1997.38,Turbine22: drive 4 pin-piles for jacket foundation into seabed,292489.03
C2012-08_216,2013-08-18T06:00:00+00:00,32.0,60800.0,0.0,102400.0,25600.0,5817.6,5992.13,3994.75,1997.38,1997.38,998.69,2996.06,0.0,3994.75,3994.75,1997.38,1997.38,2996.06,1997.38,4993.44,3994.75,2996.06,1997.38,2996.06,4993.44,3994.75,4993.44,1997.38,998.69,2996.06,1997.38,3994.75,1997.38,3994.75,3994.75,2996.06,2996.06,1997.38,1997.38,Turbine23: drive 4 pin-piles for jacket foundation into seabed,292489.03
C2012-08_217,2013-08-22T06:00:00+00:00,32.0,60800.0,0.0,102400.0,25600.0,5817.6,5992.13,3994.75,1997.38,1997.38,998.69,2996.06,0.0,3994.75,3994.75,1997.38,1997.38,2996.06,1997.38,4993.44,3994.75,2996.06,1997.38,2996.06,4993.44,3994.75,4993.44,1997.38,998.69,2996.06,1997.38,3994.75,1997.38,3994.75,3994.75,2996.06,2996.06,1997.38,1997.38,Turbine24: drive 4 pin-piles for jacket foundation into seabed,292489.03
C2012-08_16,2013-05-19T06:00:00+00:00,16.0,27840.0,0.0,53120.0,13280.0,2906.88,2994.09,1996.06,998.03,998.03,499.01,1497.04,0.0,1996.06,1996.06,998.03,998.03,1497.04,998.03,2495.07,1996.06,1497.04,998.03,1497.04,2495.07,1996.06,2495.07,998.03,499.01,1497.04,998.03,1996.06,998.03,1996.06,1996.06,1497.04,1497.04,998.03,998.03,Dredging and cleaning of pin-piles,146050.29
C2012-08_17,2013-05-20T06:00:00+00:00,16.0,29120.0,0.0,51200.0,12800.0,2870.4,2956.51,1971.01,985.5,985.5,492.75,1478.26,0.0,1971.01,1971.01,985.5,985.5,1478.26,985.5,2463.76,1971.01,1478.26,985.5,1478.26,2463.76,1971.01,2463.76,985.5,492.75,1478.26,985.5,1971.01,985.5,1971.01,1971.01,1478.26,1478.26,985.5,985.5,Install pin-pile covers on the piles,144280.09
C2012-08_162,2013-05-23T06:00:00+00:00,16.0,27840.0,63000.0,53120.0,13280.0,4796.88,4940.79,3293.86,1646.93,1646.93,823.46,2470.39,0.0,3293.86,3293.86,1646.93,1646.93,2470.39,1646.93,4117.32,3293.86,2470.39,1646.93,2470.39,4117.32,3293.86,4117.32,1646.93,823.46,2470.39,1646.93,3293.86,1646.93,3293.86,3293.86,2470.39,2470.39,1646.93,1646.93,Dredging and cleaning of pin-piles 1,242736.39
C2012-08_218,2013-05-27T06:00:00+00:00,16.0,27840.0,63000.0,53120.0,13280.0,4796.88,4940.79,3293.86,1646.93,1646.93,823.46,2470.39,0.0,3293.86,3293.86,1646.93,1646.93,2470.39,1646.93,4117.32,3293.86,2470.39,1646.93,2470.39,4117.32,3293.86,4117.32,1646.93,823.46,2470.39,1646.93,3293.86,1646.93,3293.86,3293.86,2470.39,2470.39,1646.93,1646.93,Dredging and cleaning of pin-piles 2,242736.39
C2012-08_219,2013-05-31T06:00:00+00:00,16.0,27840.0,63000.0,53120.0,13280.0,4796.88,4940.79,3293.86,1646.93,1646.93,823.46,2470.39,0.0,3293.86,3293.86,1646.93,1646.93,2470.39,1646.93,4117.32,3293.86,2470.39,1646.93,2470.39,4117.32,3293.86,4117.32,1646.93,823.46,2470.39,1646.93,3293.86,1646.93,3293.86,3293.86,2470.39,2470.39,1646.93,1646.93,Dredging and cleaning of pin-piles 3,242736.39
C2012-08_220,2013-06-04T06:00:00+00:00,16.0,27840.0,63000.0,53120.0,13280.0,4796.88,4940.79,3293.86,1646.93,1646.93,823.46,2470.39,0.0,3293.86,3293.86,1646.93,1646.93,2470.39,1646.93,4117.32,3293.86,2470.39,1646.93,2470.39,4117.32,3293.86,4117.32,1646.93,823.46,2470.39,1646.93,3293.86,1646.93,3293.86,3293.86,2470.39,2470.39,1646.93,1646.93,Dredging and cleaning of pin-piles 4,242736.39
C2012-08_221,2013-06-08T06:00:00+00:00,16.0,27840.0,63000.0,53120.0,13280.0,4796.88,4940.79,3293.86,1646.93,1646.93,823.46,2470.39,0.0,3293.86,3293.86,1646.93,1646.93,2470.39,1646.93,4117.32,3293.86,2470.39,1646.93,2470.39,4117.32,3293.86,4117.32,1646.93,823.46,2470.39,1646.93,3293.86,1646.93,3293.86,3293.86,2470.39,2470.39,1646.93,1646.93,Dredging and cleaning of pin-piles 5,242736.39
C2012-08_222,2013-06-13T06:00:00+00:00,16.0,27840.0,63000.0,53120.0,13280.0,4796.88,4940.79,3293.86,1646.93,1646.93,823.46,2470.39,0.0,3293.86,3293.86,1646.93,1646.93,2470.39,1646.93,4117.32,3293.86,2470.39,1646.93,2470.39,4117.32,3293.86,4117.32,1646.93,823.46,2470.39,1646.93,3293.86,1646.93,3293.86,3293.86,2470.39,2470.39,1646.93,1646.93,Dredging and cleaning of pin-piles 6,242736.39
C2012-08_223,2013-06-17T06:00:00+00:00,16.0,27840.0,63000.0,53120.0,13280.0,4796.88,4940.79,3293.86,1646.93,1646.93,823.46,2470.39,0.0,3293.86,3293.86,1646.93,1646.93,2470.39,1646.93,4117.32,3293.86,2470.39,1646.93,2470.39,4117.32,3293.86,4117.32,1646.93,823.46,2470.39,1646.93,3293.86,1646.93,3293.86,3293.86,2470.39,2470.39,1646.93,1646.93,Dredging and cleaning of pin-piles 7,242736.39
C2012-08_224,2013-06-21T06:00:00+00:00,16.0,27840.0,63000.0,53120.0,13280.0,4796.88,4940.79,3293.86,1646.93,1646.93,823.46,2470.39,0.0,3293.86,3293.86,1646.93,1646.93,2470.39,1646.93,4117.32,3293.86,2470.39,1646.93,2470.39,4117.32,3293.86,4117.32,1646.93,823.46,2470.39,1646.93,3293.86,1646.93,3293.86,3293.86,2470.39,2470.39,1646.93,1646.93,Dredging and cleaning of pin-piles 8,242736.39
C2012-08_225,2013-06-25T06:00:00+00:00,16.0,27840.0,63000.0,53120.0,13280.0,4796.88,4940.79,3293.86,1646.93,1646.93,823.46,2470.39,0.0,3293.86,3293.86,1646.93,1646.93,2470.39,1646.93,4117.32,3293.86,2470.39,1646.93,2470.39,4117.32,3293.86,4117.32,1646.93,823.46,2470.39,1646.93,3293.86,1646.93,3293.86,3293.86,2470.39,2470.39,1646.93,1646.93,Dredging and cleaning of pin-piles 9,242736.39
C2012-08_226,2013-06-29T06:00:00+00:00,16.0,27840.0,63000.0,53120.0,13280.0,4796.88,4940.79,3293.86,1646.93,1646.93,823.46,2470.39,0.0,3293.86,3293.86,1646.93,1646.93,2470.39,1646.93,4117.32,3293.86,2470.39,1646.93,2470.39,4117.32,3293.86,4117.32,1646.93,823.46,2470.39,1646.93,3293.86,1646.93,3293.86,3293.86,2470.39,2470.39,1646.93,1646.93,Dredging and cleaning of pin-piles 10,242736.39
C2012-08_227,2013-07-03T06:00:00+00:00,16.0,27840.0,63000.0,53120.0,13280.0,4796.88,4940.79,3293.86,1646.93,1646.93,823.46,2470.39,0.0,3293.86,3293.86,1646.93,1646.93,2470.39,1646.93,4117.32,3293.86,2470.39,1646.93,2470.39,4117.32,3293.86,4117.32,1646.93,823.46,2470.39,1646.93,3293.86,1646.93,3293.86,3293.86,2470.39,2470.39,1646.93,1646.93,Dredging and cleaning of pin-piles 11,242736.39
C2012-08_228,2013-07-07T06:00:00+00:00,16.0,27840.0,63000.0,53120.0,13280.0,4796.88,4940.79,3293.86,1646.93,1646.93,823.46,2470.39,0.0,3293.86,3293.86,1646.93,1646.93,2470.39,1646.93,4117.32,3293.86,2470.39,1646.93,2470.39,4117.32,3293.86,4117.32,1646.93,823.46,2470.39,1646.93,3293.86,1646.93,3293.86,3293.86,2470.39,2470.39,1646.93,1646.93,Dredging and cleaning of pin-piles 12,242736.39
C2012-08_229,2013-07-11T06:00:00+00:00,16.0,27840.0,63000.0,53120.0,13280.0,4796.88,4940.79,3293.86,1646.93,1646.93,823.46,2470.39,0.0,3293.86,3293.86,1646.93,1646.93,2470.39,1646.93,4117.32,3293.86,2470.39,1646.93,2470.39,4117.32,3293.86,4117.32,1646.93,823.46,2470.39,1646.93,3293.86,1646.93,3293.86,3293.86,2470.39,2470.39,1646.93,1646.93,Dredging and cleaning of pin-piles 13,242736.39
C2012-08_230,2013-07-15T06:00:00+00:00,16.0,27840.0,63000.0,53120.0,13280.0,4796.88,4940.79,3293.86,1646.93,1646.93,823.46,2470.39,0.0,3293.86,3293.86,1646.93,1646.93,2470.39,1646.93,4117.32,3293.86,2470.39,1646.93,2470.39,4117.32,3293.86,4117.32,1646.93,823.46,2470.39,1646.93,3293.86,1646.93,3293.86,3293.86,2470.39,2470.39,1646.93,1646.93,Dredging and cleaning of pin-piles 14,242736.39
C2012-08_231,2013-07-19T06:00:00+00:00,16.0,27840.0,63000.0,53120.0,13280.0,4796.88,4940.79,3293.86,1646.93,1646.93,823.46,2470.39,0.0,3293.86,3293.86,1646.93,1646.93,2470.39,1646.93,4117.32,3293.86,2470.39,1646.93,2470.39,4117.32,3293.86,4117.32,1646.93,823.46,2470.39,1646.93,3293.86,1646.93,3293.86,3293.86,2470.39,2470.39,1646.93,1646.93,Dredging and cleaning of pin-piles 15,242736.39
C2012-08_232,2013-07-23T06:00:00+00:00,16.0,27840.0,63000.0,53120.0,13280.0,4796.88,4940.79,3293.86,1646.93,1646.93,823.46,2470.39,0.0,3293.86,3293.86,1646.93,1646.93,2470.39,1646.93,4117.32,3293.86,2470.39,1646.93,2470.39,4117.32,3293.86,4117.32,1646.93,823.46,2470.39,1646.93,3293.86,1646.93,3293.86,3293.86,2470.39,2470.39,1646.93,1646.93,Dredging and cleaning of pin-piles 16,242736.39
C2012-08_233,2013-07-27T06:00:00+00:00,16.0,27840.0,63000.0,53120.0,13280.0,4796.88,4940.79,3293.86,1646.93,1646.93,823.46,2470.39,0.0,3293.86,3293.86,1646.93,1646.93,2470.39,1646.93,4117.32,3293.86,2470.39,1646.93,2470.39,4117.32,3293.86,4117.32,1646.93,823.46,2470.39,1646.93,3293.86,1646.93,3293.86,3293.86,2470.39,2470.39,1646.93,1646.93,Dredging and cleaning of pin-piles 17,242736.39
C2012-08_234,2013-07-31T06:00:00+00:00,16.0,27840.0,63000.0,53120.0,13280.0,4796.88,4940.79,3293.86,1646.93,1646.93,823.46,2470.39,0.0,3293.86,3293.86,1646.93,1646.93,2470.39,1646.93,4117.32,3293.86,2470.39,1646.93,2470.39,4117.32,3293.86,4117.32,1646.93,823.46,2470.39,1646.93,3293.86,1646.93,3293.86,3293.86,2470.39,2470.39,1646.93,1646.93,Dredging and cleaning of pin-piles 18,242736.39
C2012-08_235,2013-08-04T06:00:00+00:00,16.0,27840.0,63000.0,53120.0,13280.0,4796.88,4940.79,3293.86,1646.93,1646.93,823.46,2470.39,0.0,3293.86,3293.86,1646.93,1646.93,2470.39,1646.93,4117.32,3293.86,2470.39,1646.93,2470.39,4117.32,3293.86,4117.32,1646.93,823.46,2470.39,1646.93,3293.86,1646.93,3293.86,3293.86,2470.39,2470.39,1646.93,1646.93,Dredging and cleaning of pin-piles 19,242736.39
C2012-08_236,2013-08-08T06:00:00+00:00,16.0,27840.0,63000.0,53120.0,13280.0,4796.88,4940.79,3293.86,1646.93,1646.93,823.46,2470.39,0.0,3293.86,3293.86,1646.93,1646.93,2470.39,1646.93,4117.32,3293.86,2470.39,1646.93,2470.39,4117.32,3293.86,4117.32,1646.93,823.46,2470.39,1646.93,3293.86,1646.93,3293.86,3293.86,2470.39,2470.39,1646.93,1646.93,Dredging and cleaning of pin-piles 20,242736.39
C2012-08_237,2013-08-16T06:00:00+00:00,16.0,27840.0,63000.0,53120.0,13280.0,4796.88,4940.79,3293.86,1646.93,1646.93,823.46,2470.39,0.0,3293.86,3293.86,1646.93,1646.93,2470.39,1646.93,4117.32,3293.86,2470.39,1646.93,2470.39,4117.32,3293.86,4117.32,1646.93,823.46,2470.39,1646.93,3293.86,1646.93,3293.86,3293.86,2470.39,2470.39,1646.93,1646.93,Dredging and cleaning of pin-piles 21,242736.39
C2012-08_238,2013-08-12T06:00:00+00:00,16.0,27840.0,63000.0,53120.0,13280.0,4796.88,4940.79,3293.86,1646.93,1646.93,823.46,2470.39,0.0,3293.86,3293.86,1646.93,1646.93,2470.39,1646.93,4117.32,3293.86,2470.39,1646.93,2470.39,4117.32,3293.86,4117.32,1646.93,823.46,2470.39,1646.93,3293.86,1646.93,3293.86,3293.86,2470.39,2470.39,1646.93,1646.93,Dredging and cleaning of pin-piles 22,242736.39
C2012-08_239,2013-08-20T06:00:00+00:00,16.0,27840.0,63000.0,53120.0,13280.0,4796.88,4940.79,3293.86,1646.93,1646.93,823.46,2470.39,0.0,3293.86,3293.86,1646.93,1646.93,2470.39,1646.93,4117.32,3293.86,2470.39,1646.93,2470.39,4117.32,3293.86,4117.32,1646.93,823.46,2470.39,1646.93,3293.86,1646.93,3293.86,3293.86,2470.39,2470.39,1646.93,1646.93,Dredging and cleaning of pin-piles 23,242736.39
C2012-08_240,2013-08-24T06:00:00+00:00,16.0,27840.0,63000.0,53120.0,13280.0,4796.88,4940.79,3293.86,1646.93,1646.93,823.46,2470.39,0.0,3293.86,3293.86,1646.93,1646.93,2470.39,1646.93,4117.32,3293.86,2470.39,1646.93,2470.39,4117.32,3293.86,4117.32,1646.93,823.46,2470.39,1646.93,3293.86,1646.93,3293.86,3293.86,2470.39,2470.39,1646.93,1646.93,Dredging and cleaning of pin-piles 24,242736.39
C2012-08_241,2013-05-24T06:00:00+00:00,16.0,29120.0,52600.0,51200.0,12800.0,4448.4,4581.85,3054.57,1527.28,1527.28,763.64,2290.93,0.0,3054.57,3054.57,1527.28,1527.28,2290.93,1527.28,3818.21,3054.57,2290.93,1527.28,2290.93,3818.21,3054.57,3818.21,1527.28,763.64,2290.93,1527.28,3054.57,1527.28,3054.57,3054.57,2290.93,2290.93,1527.28,1527.28,Install pin-pile covers on the piles 1,225005.31
C2012-08_242,2013-05-28T06:00:00+00:00,16.0,29120.0,52600.0,51200.0,12800.0,4448.4,4581.85,3054.57,1527.28,1527.28,763.64,2290.93,0.0,3054.57,3054.57,1527.28,1527.28,2290.93,1527.28,3818.21,3054.57,2290.93,1527.28,2290.93,3818.21,3054.57,3818.21,1527.28,763.64,2290.93,1527.28,3054.57,1527.28,3054.57,3054.57,2290.93,2290.93,1527.28,1527.28,Install pin-pile covers on the piles 2,225005.31
C2012-08_243,2013-06-01T06:00:00+00:00,16.0,29120.0,52600.0,51200.0,12800.0,4448.4,4581.85,3054.57,1527.28,1527.28,763.64,2290.93,0.0,3054.57,3054.57,1527.28,1527.28,2290.93,1527.28,3818.21,3054.57,2290.93,1527.28,2290.93,3818.21,3054.57,3818.21,1527.28,763.64,2290.93,1527.28,3054.57,1527.28,3054.57,3054.57,2290.93,2290.93,1527.28,1527.28,Install pin-pile covers on the piles 3,225005.31
C2012-08_244,2013-06-05T06:00:00+00:00,16.0,29120.0,52600.0,51200.0,12800.0,4448.4,4581.85,3054.57,1527.28,1527.28,763.64,2290.93,0.0,3054.57,3054.57,1527.28,1527.28,2290.93,1527.28,3818.21,3054.57,2290.93,1527.28,2290.93,3818.21,3054.57,3818.21,1527.28,763.64,2290.93,1527.28,3054.57,1527.28,3054.57,3054.57,2290.93,2290.93,1527.28,1527.28,Install pin-pile covers on the piles 4,225005.31
C2012-08_245,2013-06-10T06:00:00+00:00,16.0,29120.0,52600.0,51200.0,12800.0,4448.4,4581.85,3054.57,1527.28,1527.28,763.64,2290.93,0.0,3054.57,3054.57,1527.28,1527.28,2290.93,1527.28,3818.21,3054.57,2290.93,1527.28,2290.93,3818.21,3054.57,3818.21,1527.28,763.64,2290.93,1527.28,3054.57,1527.28,3054.57,3054.57,2290.93,2290.93,1527.28,1527.28,Install pin-pile covers on the piles 5,225005.31
C2012-08_246,2013-06-14T06:00:00+00:00,16.0,29120.0,52600.0,51200.0,12800.0,4448.4,4581.85,3054.57,1527.28,1527.28,763.64,2290.93,0.0,3054.57,3054.57,1527.28,1527.28,2290.93,1527.28,3818.21,3054.57,2290.93,1527.28,2290.93,3818.21,3054.57,3818.21,1527.28,763.64,2290.93,1527.28,3054.57,1527.28,3054.57,3054.57,2290.93,2290.93,1527.28,1527.28,Install pin-pile covers on the piles 6,225005.31
C2012-08_247,2013-06-18T06:00:00+00:00,16.0,29120.0,52600.0,51200.0,12800.0,4448.4,4581.85,3054.57,1527.28,1527.28,763.64,2290.93,0.0,3054.57,3054.57,1527.28,1527.28,2290.93,1527.28,3818.21,3054.57,2290.93,1527.28,2290.93,3818.21,3054.57,3818.21,1527.28,763.64,2290.93,1527.28,3054.57,1527.28,3054.57,3054.57,2290.93,2290.93,1527.28,1527.28,Install pin-pile covers on the piles 7,225005.31
C2012-08_248,2013-06-22T06:00:00+00:00,16.0,29120.0,52600.0,51200.0,12800.0,4448.4,4581.85,3054.57,1527.28,1527.28,763.64,2290.93,0.0,3054.57,3054.57,1527.28,1527.28,2290.93,1527.28,3818.21,3054.57,2290.93,1527.28,2290.93,3818.21,3054.57,3818.21,1527.28,763.64,2290.93,1527.28,3054.57,1527.28,3054.57,3054.57,2290.93,2290.93,1527.28,1527.28,Install pin-pile covers on the piles 8,225005.31
C2012-08_249,2013-06-26T06:00:00+00:00,16.0,29120.0,52600.0,51200.0,12800.0,4448.4,4581.85,3054.57,1527.28,1527.28,763.64,2290.93,0.0,3054.57,3054.57,1527.28,1527.28,2290.93,1527.28,3818.21,3054.57,2290.93,1527.28,2290.93,3818.21,3054.57,3818.21,1527.28,763.64,2290.93,1527.28,3054.57,1527.28,3054.57,3054.57,2290.93,2290.93,1527.28,1527.28,Install pin-pile covers on the piles 9,225005.31
C2012-08_250,2013-06-30T06:00:00+00:00,16.0,29120.0,52600.0,51200.0,12800.0,4448.4,4581.85,3054.57,1527.28,1527.28,763.64,2290.93,0.0,3054.57,3054.57,1527.28,1527.28,2290.93,1527.28,3818.21,3054.57,2290.93,1527.28,2290.93,3818.21,3054.57,3818.21,1527.28,763.64,2290.93,1527.28,3054.57,1527.28,3054.57,3054.57,2290.93,2290.93,1527.28,1527.28,Install pin-pile covers on the piles 10,225005.31
C2012-08_251,2013-07-04T06:00:00+00:00,16.0,29120.0,52600.0,51200.0,12800.0,4448.4,4581.85,3054.57,1527.28,1527.28,763.64,2290.93,0.0,3054.57,3054.57,1527.28,1527.28,2290.93,1527.28,3818.21,3054.57,2290.93,1527.28,2290.93,3818.21,3054.57,3818.21,1527.28,763.64,2290.93,1527.28,3054.57,1527.28,3054.57,3054.57,2290.93,2290.93,1527.28,1527.28,Install pin-pile covers on the piles 11,225005.31
C2012-08_252,2013-07-08T06:00:00+00:00,16.0,29120.0,52600.0,51200.0,12800.0,4448.4,4581.85,3054.57,1527.28,1527.28,763.64,2290.93,0.0,3054.57,3054.57,1527.28,1527.28,2290.93,1527.28,3818.21,3054.57,2290.93,1527.28,2290.93,3818.21,3054.57,3818.21,1527.28,763.64,2290.93,1527.28,3054.57,1527.28,3054.57,3054.57,2290.93,2290.93,1527.28,1527.28,Install pin-pile covers on the piles 12,225005.31
C2012-08_253,2013-07-12T06:00:00+00:00,16.0,29120.0,52600.0,51200.0,12800.0,4448.4,4581.85,3054.57,1527.28,1527.28,763.64,2290.93,0.0,3054.57,3054.57,1527.28,1527.28,2290.93,1527.28,3818.21,3054.57,2290.93,1527.28,2290.93,3818.21,3054.57,3818.21,1527.28,763.64,2290.93,1527.28,3054.57,1527.28,3054.57,3054.57,2290.93,2290.93,1527.28,1527.28,Install pin-pile covers on the piles 13,225005.31
C2012-08_254,2013-07-16T06:00:00+00:00,16.0,29120.0,52600.0,51200.0,12800.0,4448.4,4581.85,3054.57,1527.28,1527.28,763.64,2290.93,0.0,3054.57,3054.57,1527.28,1527.28,2290.93,1527.28,3818.21,3054.57,2290.93,1527.28,2290.93,3818.21,3054.57,3818.21,1527.28,763.64,2290.93,1527.28,3054.57,1527.28,3054.57,3054.57,2290.93,2290.93,1527.28,1527.28,Install pin-pile covers on the piles 14,225005.31
C2012-08_255,2013-07-20T06:00:00+00:00,16.0,29120.0,52600.0,51200.0,12800.0,4448.4,4581.85,3054.57,1527.28,1527.28,763.64,2290.93,0.0,3054.57,3054.57,1527.28,1527.28,2290.93,1527.28,3818.21,3054.57,2290.93,1527.28,2290.93,3818.21,3054.57,3818.21,1527.28,763.64,2290.93,1527.28,3054.57,1527.28,3054.57,3054.57,2290.93,2290.93,1527.28,1527.28,Install pin-pile covers on the piles 15,225005.31
C2012-08_256,2013-07-24T06:00:00+00:00,16.0,29120.0,52600.0,51200.0,12800.0,4448.4,4581.85,3054.57,1527.28,1527.28,763.64,2290.93,0.0,3054.57,3054.57,1527.28,1527.28,2290.93,1527.28,3818.21,3054.57,2290.93,1527.28,2290.93,3818.21,3054.57,3818.21,1527.28,763.64,2290.93,1527.28,3054.57,1527.28,3054.57,3054.57,2290.93,2290.93,1527.28,1527.28,Install pin-pile covers on the piles 16,225005.31
C2012-08_257,2013-07-28T06:00:00+00:00,16.0,29120.0,52600.0,51200.0,12800.0,4448.4,4581.85,3054.57,1527.28,1527.28,763.64,2290.93,0.0,3054.57,3054.57,1527.28,1527.28,2290.93,1527.28,3818.21,3054.57,2290.93,1527.28,2290.93,3818.21,3054.57,3818.21,1527.28,763.64,2290.93,1527.28,3054.57,1527.28,3054.57,3054.57,2290.93,2290.93,1527.28,1527.28,Install pin-pile covers on the piles 17,225005.31
C2012-08_258,2013-08-01T06:00:00+00:00,16.0,29120.0,52600.0,51200.0,12800.0,4448.4,4581.85,3054.57,1527.28,1527.28,763.64,2290.93,0.0,3054.57,3054.57,1527.28,1527.28,2290.93,1527.28,3818.21,3054.57,2290.93,1527.28,2290.93,3818.21,3054.57,3818.21,1527.28,763.64,2290.93,1527.28,3054.57,1527.28,3054.57,3054.57,2290.93,2290.93,1527.28,1527.28,Install pin-pile covers on the piles 18,225005.31
C2012-08_259,2013-08-05T06:00:00+00:00,16.0,29120.0,52600.0,51200.0,12800.0,4448.4,4581.85,3054.57,1527.28,1527.28,763.64,2290.93,0.0,3054.57,3054.57,1527.28,1527.28,2290.93,1527.28,3818.21,3054.57,2290.93,1527.28,2290.93,3818.21,3054.57,3818.21,1527.28,763.64,2290.93,1527.28,3054.57,1527.28,3054.57,3054.57,2290.93,2290.93,1527.28,1527.28,Install pin-pile covers on the piles 19,225005.31
C2012-08_260,2013-08-09T06:00:00+00:00,16.0,29120.0,52600.0,51200.0,12800.0,4448.4,4581.85,3054.57,1527.28,1527.28,763.64,2290.93,0.0,3054.57,3054.57,1527.28,1527.28,2290.93,1527.28,3818.21,3054.57,2290.93,1527.28,2290.93,3818.21,3054.57,3818.21,1527.28,763.64,2290.93,1527.28,3054.57,1527.28,3054.57,3054.57,2290.93,2290.93,1527.28,1527.28,Install pin-pile covers on the piles 20,225005.31
C2012-08_261,2013-08-17T06:00:00+00:00,16.0,29120.0,52600.0,51200.0,12800.0,4448.4,4581.85,3054.57,1527.28,1527.28,763.64,2290.93,0.0,3054.57,3054.57,1527.28,1527.28,2290.93,1527.28,3818.21,3054.57,2290.93,1527.28,2290.93,3818.21,3054.57,3818.21,1527.28,763.64,2290.93,1527.28,3054.57,1527.28,3054.57,3054.57,2290.93,2290.93,1527.28,1527.28,Install pin-pile covers on the piles 21,225005.31
C2012-08_262,2013-08-13T06:00:00+00:00,16.0,29120.0,52600.0,51200.0,12800.0,4448.4,4581.85,3054.57,1527.28,1527.28,763.64,2290.93,0.0,3054.57,3054.57,1527.28,1527.28,2290.93,1527.28,3818.21,3054.57,2290.93,1527.28,2290.93,3818.21,3054.57,3818.21,1527.28,763.64,2290.93,1527.28,3054.57,1527.28,3054.57,3054.57,2290.93,2290.93,1527.28,1527.28,Install pin-pile covers on the piles 22,225005.31
C2012-08_263,2013-08-21T06:00:00+00:00,16.0,29120.0,52600.0,51200.0,12800.0,4448.4,4581.85,3054.57,1527.28,1527.28,763.64,2290.93,0.0,3054.57,3054.57,1527.28,1527.28,2290.93,1527.28,3818.21,3054.57,2290.93,1527.28,2290.93,3818.21,3054.57,3818.21,1527.28,763.64,2290.93,1527.28,3054.57,1527.28,3054.57,3054.57,2290.93,2290.93,1527.28,1527.28,Install pin-pile covers on the piles 23,225005.31
C2012-08_264,2013-08-25T06:00:00+00:00,16.0,29120.0,52600.0,51200.0,12800.0,4448.4,4581.85,3054.57,1527.28,1527.28,763.64,2290.93,0.0,3054.57,3054.57,1527.28,1527.28,2290.93,1527.28,3818.21,3054.57,2290.93,1527.28,2290.93,3818.21,3054.57,3818.21,1527.28,763.64,2290.93,1527.28,3054.57,1527.28,3054.57,3054.57,2290.93,2290.93,1527.28,1527.28,Install pin-pile covers on the piles 24,225005.31
C2012-08_21,2013-02-04T06:00:00+00:00,1920.0,0.0,80000.0,0.0,0.0,2448.0,2521.44,1680.96,840.48,840.48,420.24,1260.72,0.0,1680.96,1680.96,840.48,840.48,1260.72,840.48,2101.2,1680.96,1260.72,840.48,1260.72,2101.2,1680.96,2101.2,840.48,420.24,1260.72,840.48,1680.96,840.48,1680.96,1680.96,1260.72,1260.72,840.48,840.48,Purshase of tubulars,123631.52
C2012-08_23,2013-02-04T06:00:00+00:00,1920.0,0.0,150000.0,0.0,0.0,4590.0,4727.7,3151.8,1575.9,1575.9,787.95,2363.85,0.0,3151.8,3151.8,1575.9,1575.9,2363.85,1575.9,3939.75,3151.8,2363.85,1575.9,2363.85,3939.75,3151.8,3939.75,1575.9,787.95,2363.85,1575.9,3151.8,1575.9,3151.8,3151.8,2363.85,2363.85,1575.9,1575.9,Purchase of castings and pile stoppers,231809.1
C2012-08_25,2013-03-16T06:00:00+00:00,144.0,0.0,55100.0,0.0,0.0,1686.06,1736.64,1157.76,578.88,578.88,289.44,868.32,0.0,1157.76,1157.76,578.88,578.88,868.32,578.88,1447.2,1157.76,868.32,578.88,868.32,1447.2,1157.76,1447.2,578.88,289.44,868.32,578.88,1157.76,578.88,1157.76,1157.76,868.32,868.32,578.88,578.88,Assembly of midsection 1,85151.18
C2012-08_337,2013-03-25T06:00:00+00:00,144.0,0.0,55100.0,0.0,0.0,1686.06,1736.64,1157.76,578.88,578.88,289.44,868.32,0.0,1157.76,1157.76,578.88,578.88,868.32,578.88,1447.2,1157.76,868.32,578.88,868.32,1447.2,1157.76,1447.2,578.88,289.44,868.32,578.88,1157.76,578.88,1157.76,1157.76,868.32,868.32,578.88,578.88,Assembly of midsection 2,85151.18
C2012-08_338,2013-04-03T06:00:00+00:00,144.0,0.0,55100.0,0.0,0.0,1686.06,1736.64,1157.76,578.88,578.88,289.44,868.32,0.0,1157.76,1157.76,578.88,578.88,868.32,578.88,1447.2,1157.76,868.32,578.88,868.32,1447.2,1157.76,1447.2,578.88,289.44,868.32,578.88,1157.76,578.88,1157.76,1157.76,868.32,868.32,578.88,578.88,Assembly of midsection 3,85151.18
C2012-08_339,2013-04-12T06:00:00+00:00,144.0,0.0,55100.0,0.0,0.0,1686.06,1736.64,1157.76,578.88,578.88,289.44,868.32,0.0,1157.76,1157.76,578.88,578.88,868.32,578.88,1447.2,1157.76,868.32,578.88,868.32,1447.2,1157.76,1447.2,578.88,289.44,868.32,578.88,1157.76,578.88,1157.76,1157.76,868.32,868.32,578.88,578.88,Assembly of midsection 4,85151.18
C2012-08_340,2013-04-21T06:00:00+00:00,144.0,0.0,55100.0,0.0,0.0,1686.06,1736.64,1157.76,578.88,578.88,289.44,868.32,0.0,1157.76,1157.76,578.88,578.88,868.32,578.88,1447.2,1157.76,868.32,578.88,868.32,1447.2,1157.76,1447.2,578.88,289.44,868.32,578.88,1157.76,578.88,1157.76,1157.76,868.32,868.32,578.88,578.88,Assembly of midsection 5,85151.18
C2012-08_341,2013-04-30T06:00:00+00:00,144.0,0.0,55100.0,0.0,0.0,1686.06,1736.64,1157.76,578.88,578.88,289.44,868.32,0.0,1157.76,1157.76,578.88,578.88,868.32,578.88,1447.2,1157.76,868.32,578.88,868.32,1447.2,1157.76,1447.2,578.88,289.44,868.32,578.88,1157.76,578.88,1157.76,1157.76,868.32,868.32,578.88,578.88,Assembly of midsection 6,85151.18
C2012-08_342,2013-05-09T06:00:00+00:00,144.0,0.0,55100.0,0.0,0.0,1686.06,1736.64,1157.76,578.88,578.88,289.44,868.32,0.0,1157.76,1157.76,578.88,578.88,868.32,578.88,1447.2,1157.76,868.32,578.88,868.32,1447.2,1157.76,1447.2,578.88,289.44,868.32,578.88,1157.76,578.88,1157.76,1157.76,868.32,868.32,578.88,578.88,Assembly of midsection 7,85151.18
C2012-08_343,2013-05-18T06:00:00+00:00,144.0,0.0,55100.0,0.0,0.0,1686.06,1736.64,1157.76,578.88,578.88,289.44,868.32,0.0,1157.76,1157.76,578.88,578.88,868.32,578.88,1447.2,1157.76,868.32,578.88,868.32,1447.2,1157.76,1447.2,578.88,289.44,868.32,578.88,1157.76,578.88,1157.76,1157.76,868.32,868.32,578.88,578.88,Assembly of midsection 8,85151.18
C2012-08_344,2013-05-27T06:00:00+00:00,144.0,0.0,55100.0,0.0,0.0,1686.06,1736.64,1157.76,578.88,578.88,289.44,868.32,0.0,1157.76,1157.76,578.88,578.88,868.32,578.88,1447.2,1157.76,868.32,578.88,868.32,1447.2,1157.76,1447.2,578.88,289.44,868.32,578.88,1157.76,578.88,1157.76,1157.76,868.32,868.32,578.88,578.88,Assembly of midsection 9,85151.18
C2012-08_345,2013-06-05T06:00:00+00:00,144.0,0.0,55100.0,0.0,0.0,1686.06,1736.64,1157.76,578.88,578.88,289.44,868.32,0.0,1157.76,1157.76,578.88,578.88,868.32,578.88,1447.2,1157.76,868.32,578.88,868.32,1447.2,1157.76,1447.2,578.88,289.44,868.32,578.88,1157.76,578.88,1157.76,1157.76,868.32,868.32,578.88,578.88,Assembly of midsection 10,85151.18
C2012-08_346,2013-06-14T06:00:00+00:00,144.0,0.0,55100.0,0.0,0.0,1686.06,1736.64,1157.76,578.88,578.88,289.44,868.32,0.0,1157.76,1157.76,578.88,578.88,868.32,578.88,1447.2,1157.76,868.32,578.88,868.32,1447.2,1157.76,1447.2,578.88,289.44,868.32,578.88,1157.76,578.88,1157.76,1157.76,868.32,868.32,578.88,578.88,Assembly of midsection 11,85151.18
C2012-08_347,2013-06-23T06:00:00+00:00,144.0,0.0,55100.0,0.0,0.0,1686.06,1736.64,1157.76,578.88,578.88,289.44,868.32,0.0,1157.76,1157.76,578.88,578.88,868.32,578.88,1447.2,1157.76,868.32,578.88,868.32,1447.2,1157.76,1447.2,578.88,289.44,868.32,578.88,1157.76,578.88,1157.76,1157.76,868.32,868.32,578.88,578.88,Assembly of midsection 12,85151.18
C2012-08_348,2013-07-02T06:00:00+00:00,144.0,0.0,55100.0,0.0,0.0,1686.06,1736.64,1157.76,578.88,578.88,289.44,868.32,0.0,1157.76,1157.76,578.88,578.88,868.32,578.88,1447.2,1157.76,868.32,578.88,868.32,1447.2,1157.76,1447.2,578.88,289.44,868.32,578.88,1157.76,578.88,1157.76,1157.76,868.32,868.32,578.88,578.88,Assembly of midsection 13,85151.18
C2012-08_349,2013-07-11T06:00:00+00:00,144.0,0.0,55100.0,0.0,0.0,1686.06,1736.64,1157.76,578.88,578.88,289.44,868.32,0.0,1157.76,1157.76,578.88,578.88,868.32,578.88,1447.2,1157.76,868.32,578.88,868.32,1447.2,1157.76,1447.2,578.88,289.44,868.32,578.88,1157.76,578.88,1157.76,1157.76,868.32,868.32,578.88,578.88,Assembly of midsection 14,85151.18
C2012-08_350,2013-07-20T06:00:00+00:00,144.0,0.0,55100.0,0.0,0.0,1686.06,1736.64,1157.76,578.88,578.88,289.44,868.32,0.0,1157.76,1157.76,578.88,578.88,868.32,578.88,1447.2,1157.76,868.32,578.88,868.32,1447.2,1157.76,1447.2,578.88,289.44,868.32,578.88,1157.76,578.88,1157.76,1157.76,868.32,868.32,578.88,578.88,Assembly of midsection 15,85151.18
C2012-08_351,2013-07-29T06:00:00+00:00,144.0,0.0,55100.0,0.0,0.0,1686.06,1736.64,1157.76,578.88,578.88,289.44,868.32,0.0,1157.76,1157.76,578.88,578.88,868.32,578.88,1447.2,1157.76,868.32,578.88,868.32,1447.2,1157.76,1447.2,578.88,289.44,868.32,578.88,1157.76,578.88,1157.76,1157.76,868.32,868.32,578.88,578.88,Assembly of midsection 16,85151.18
C2012-08_352,2013-08-07T06:00:00+00:00,144.0,0.0,55100.0,0.0,0.0,1686.06,1736.64,1157.76,578.88,578.88,289.44,868.32,0.0,1157.76,1157.76,578.88,578.88,868.32,578.88,1447.2,1157.76,868.32,578.88,868.32,1447.2,1157.76,1447.2,578.88,289.44,868.32,578.88,1157.76,578.88,1157.76,1157.76,868.32,868.32,578.88,578.88,Assembly of midsection 17,85151.18
C2012-08_353,2013-08-16T06:00:00+00:00,144.0,0.0,55100.0,0.0,0.0,1686.06,1736.64,1157.76,578.88,578.88,289.44,868.32,0.0,1157.76,1157.76,578.88,578.88,868.32,578.88,1447.2,1157.76,868.32,578.88,868.32,1447.2,1157.76,1447.2,578.88,289.44,868.32,578.88,1157.76,578.88,1157.76,1157.76,868.32,868.32,578.88,578.88,Assembly of midsection 18,85151.18
C2012-08_354,2013-08-25T06:00:00+00:00,144.0,0.0,55100.0,0.0,0.0,1686.06,1736.64,1157.76,578.88,578.88,289.44,868.32,0.0,1157.76,1157.76,578.88,578.88,868.32,578.88,1447.2,1157.76,868.32,578.88,868.32,1447.2,1157.76,1447.2,578.88,289.44,868.32,578.88,1157.76,578.88,1157.76,1157.76,868.32,868.32,578.88,578.88,Assembly of midsection 19,85151.18
C2012-08_355,2013-09-03T06:00:00+00:00,144.0,0.0,55100.0,0.0,0.0,1686.06,1736.64,1157.76,578.88,578.88,289.44,868.32,0.0,1157.76,1157.76,578.88,578.88,868.32,578.88,1447.2,1157.76,868.32,578.88,868.32,1447.2,1157.76,1447.2,578.88,289.44,868.32,578.88,1157.76,578.88,1157.76,1157.76,868.32,868.32,578.88,578.88,Assembly of midsection 20,85151.18
C2012-08_356,2013-09-12T06:00:00+00:00,144.0,0.0,55100.0,0.0,0.0,1686.06,1736.64,1157.76,578.88,578.88,289.44,868.32,0.0,1157.76,1157.76,578.88,578.88,868.32,578.88,1447.2,1157.76,868.32,578.88,868.32,1447.2,1157.76,1447.2,578.88,289.44,868.32,578.88,1157.76,578.88,1157.76,1157.76,868.32,868.32,578.88,578.88,Assembly of midsection 21,85151.18
C2012-08_357,2013-09-21T06:00:00+00:00,144.0,0.0,55100.0,0.0,0.0,1686.06,1736.64,1157.76,578.88,578.88,289.44,868.32,0.0,1157.76,1157.76,578.88,578.88,868.32,578.88,1447.2,1157.76,868.32,578.88,868.32,1447.2,1157.76,1447.2,578.88,289.44,868.32,578.88,1157.76,578.88,1157.76,1157.76,868.32,868.32,578.88,578.88,Assembly of midsection 22,85151.18
C2012-08_358,2013-09-30T06:00:00+00:00,144.0,0.0,55100.0,0.0,0.0,1686.06,1736.64,1157.76,578.88,578.88,289.44,868.32,0.0,1157.76,1157.76,578.88,578.88,868.32,578.88,1447.2,1157.76,868.32,578.88,868.32,1447.2,1157.76,1447.2,578.88,289.44,868.32,578.88,1157.76,578.88,1157.76,1157.76,868.32,868.32,578.88,578.88,Assembly of midsection 23,85151.18
C2012-08_359,2013-10-09T06:00:00+00:00,144.0,0.0,55100.0,0.0,0.0,1686.06,1736.64,1157.76,578.88,578.88,289.44,868.32,0.0,1157.76,1157.76,578.88,578.88,868.32,578.88,1447.2,1157.76,868.32,578.88,868.32,1447.2,1157.76,1447.2,578.88,289.44,868.32,578.88,1157.76,578.88,1157.76,1157.76,868.32,868.32,578.88,578.88,Assembly of midsection 24,85151.18
C2012-08_27,2013-02-13T06:00:00+00:00,1280.0,0.0,350000.0,0.0,0.0,10710.0,11031.3,7354.2,3677.1,3677.1,1838.55,5515.65,0.0,7354.2,7354.2,3677.1,3677.1,5515.65,3677.1,9192.75,7354.2,5515.65,3677.1,5515.65,9192.75,7354.2,9192.75,3677.1,1838.55,5515.65,3677.1,7354.2,3677.1,7354.2,7354.2,5515.65,5515.65,3677.1,3677.1,Purchase of secondary steel items,540887.9
C2012-08_29,2013-03-25T06:00:00+00:00,144.0,0.0,40600.0,0.0,0.0,1242.36,1279.63,853.09,426.54,426.54,213.27,639.82,0.0,853.09,853.09,426.54,426.54,639.82,426.54,1066.36,853.09,639.82,426.54,639.82,1066.36,853.09,1066.36,426.54,213.27,639.82,426.54,853.09,426.54,853.09,853.09,639.82,639.82,426.54,426.54,Final jacket assembly 1,62743.01
C2012-08_360,2013-04-03T06:00:00+00:00,144.0,0.0,40744.0,0.0,0.0,1246.77,1284.17,856.11,428.06,428.06,214.03,642.09,0.0,856.11,856.11,428.06,428.06,642.09,428.06,1070.14,856.11,642.09,428.06,642.09,1070.14,856.11,1070.14,428.06,214.03,642.09,428.06,856.11,428.06,856.11,856.11,642.09,642.09,428.06,428.06,Final jacket assembly 2,62965.59
C2012-08_361,2013-04-12T06:00:00+00:00,144.0,0.0,40600.0,0.0,0.0,1242.36,1279.63,853.09,426.54,426.54,213.27,639.82,0.0,853.09,853.09,426.54,426.54,639.82,426.54,1066.36,853.09,639.82,426.54,639.82,1066.36,853.09,1066.36,426.54,213.27,639.82,426.54,853.09,426.54,853.09,853.09,639.82,639.82,426.54,426.54,Final jacket assembly 3,62743.01
C2012-08_362,2013-04-21T06:00:00+00:00,144.0,0.0,40600.0,0.0,0.0,1242.36,1279.63,853.09,426.54,426.54,213.27,639.82,0.0,853.09,853.09,426.54,426.54,639.82,426.54,1066.36,853.09,639.82,426.54,639.82,1066.36,853.09,1066.36,426.54,213.27,639.82,426.54,853.09,426.54,853.09,853.09,639.82,639.82,426.54,426.54,Final jacket assembly 4,62743.01
C2012-08_363,2013-04-30T06:00:00+00:00,144.0,0.0,40600.0,0.0,0.0,1242.36,1279.63,853.09,426.54,426.54,213.27,639.82,0.0,853.09,853.09,426.54,426.54,639.82,426.54,1066.36,853.09,639.82,426.54,639.82,1066.36,853.09,1066.36,426.54,213.27,639.82,426.54,853.09,426.54,853.09,853.09,639.82,639.82,426.54,426.54,Final jacket assembly 5,62743.01
C2012-08_364,2013-05-09T06:00:00+00:00,144.0,0.0,40600.0,0.0,0.0,1242.36,1279.63,853.09,426.54,426.54,213.27,639.82,0.0,853.09,853.09,426.54,426.54,639.82,426.54,1066.36,853.09,639.82,426.54,639.82,1066.36,853.09,1066.36,426.54,213.27,639.82,426.54,853.09,426.54,853.09,853.09,639.82,639.82,426.54,426.54,Final jacket assembly 6,62743.01
C2012-08_365,2013-05-18T06:00:00+00:00,144.0,0.0,40600.0,0.0,0.0,1242.36,1279.63,853.09,426.54,426.54,213.27,639.82,0.0,853.09,853.09,426.54,426.54,639.82,426.54,1066.36,853.09,639.82,426.54,639.82,1066.36,853.09,1066.36,426.54,213.27,639.82,426.54,853.09,426.54,853.09,853.09,639.82,639.82,426.54,426.54,Final jacket assembly 7,62743.01
C2012-08_366,2013-05-27T06:00:00+00:00,144.0,0.0,40600.0,0.0,0.0,1242.36,1279.63,853.09,426.54,426.54,213.27,639.82,0.0,853.09,853.09,426.54,426.54,639.82,426.54,1066.36,853.09,639.82,426.54,639.82,1066.36,853.09,1066.36,426.54,213.27,639.82,426.54,853.09,426.54,853.09,853.09,639.82,639.82,426.54,426.54,Final jacket assembly 8,62743.01
C2012-08_367,2013-06-05T06:00:00+00:00,144.0,0.0,40600.0,0.0,0.0,1242.36,1279.63,853.09,426.54,426.54,213.27,639.82,0.0,853.09,853.09,426.54,426.54,639.82,426.54,1066.36,853.09,639.82,426.54,639.82,1066.36,853.09,1066.36,426.54,213.27,639.82,426.54,853.09,426.54,853.09,853.09,639.82,639.82,426.54,426.54,Final jacket assembly 9,62743.01
C2012-08_368,2013-06-14T06:00:00+00:00,144.0,0.0,40600.0,0.0,0.0,1242.36,1279.63,853.09,426.54,426.54,213.27,639.82,0.0,853.09,853.09,426.54,426.54,639.82,426.54,1066.36,853.09,639.82,426.54,639.82,1066.36,853.09,1066.36,426.54,213.27,639.82,426.54,853.09,426.54,853.09,853.09,639.82,639.82,426.54,426.54,Final jacket assembly 10,62743.01
C2012-08_369,2013-06-23T06:00:00+00:00,144.0,0.0,40600.0,0.0,0.0,1242.36,1279.63,853.09,426.54,426.54,213.27,639.82,0.0,853.09,853.09,426.54,426.54,639.82,426.54,1066.36,853.09,639.82,426.54,639.82,1066.36,853.09,1066.36,426.54,213.27,639.82,426.54,853.09,426.54,853.09,853.09,639.82,639.82,426.54,426.54,Final jacket assembly 11,62743.01
C2012-08_370,2013-07-02T06:00:00+00:00,144.0,0.0,40600.0,0.0,0.0,1242.36,1279.63,853.09,426.54,426.54,213.27,639.82,0.0,853.09,853.09,426.54,426.54,639.82,426.54,1066.36,853.09,639.82,426.54,639.82,1066.36,853.09,1066.36,426.54,213.27,639.82,426.54,853.09,426.54,853.09,853.09,639.82,639.82,426.54,426.54,Final jacket assembly 12,62743.01
C2012-08_371,2013-07-11T06:00:00+00:00,144.0,0.0,40600.0,0.0,0.0,1242.36,1279.63,853.09,426.54,426.54,213.27,639.82,0.0,853.09,853.09,426.54,426.54,639.82,426.54,1066.36,853.09,639.82,426.54,639.82,1066.36,853.09,1066.36,426.54,213.27,639.82,426.54,853.09,426.54,853.09,853.09,639.82,639.82,426.54,426.54,Final jacket assembly 13,62743.01
C2012-08_372,2013-07-20T06:00:00+00:00,144.0,0.0,40600.0,0.0,0.0,1242.36,1279.63,853.09,426.54,426.54,213.27,639.82,0.0,853.09,853.09,426.54,426.54,639.82,426.54,1066.36,853.09,639.82,426.54,639.82,1066.36,853.09,1066.36,426.54,213.27,639.82,426.54,853.09,426.54,853.09,853.09,639.82,639.82,426.54,426.54,Final jacket assembly 14,62743.01
C2012-08_373,2013-07-29T06:00:00+00:00,144.0,0.0,40600.0,0.0,0.0,1242.36,1279.63,853.09,426.54,426.54,213.27,639.82,0.0,853.09,853.09,426.54,426.54,639.82,426.54,1066.36,853.09,639.82,426.54,639.82,1066.36,853.09,1066.36,426.54,213.27,639.82,426.54,853.09,426.54,853.09,853.09,639.82,639.82,426.54,426.54,Final jacket assembly 15,62743.01
C2012-08_374,2013-08-07T06:00:00+00:00,144.0,0.0,40600.0,0.0,0.0,1242.36,1279.63,853.09,426.54,426.54,213.27,639.82,0.0,853.09,853.09,426.54,426.54,639.82,426.54,1066.36,853.09,639.82,426.54,639.82,1066.36,853.09,1066.36,426.54,213.27,639.82,426.54,853.09,426.54,853.09,853.09,639.82,639.82,426.54,426.54,Final jacket assembly 16,62743.01
C2012-08_375,2013-08-16T06:00:00+00:00,144.0,0.0,40600.0,0.0,0.0,1242.36,1279.63,853.09,426.54,426.54,213.27,639.82,0.0,853.09,853.09,426.54,426.54,639.82,426.54,1066.36,853.09,639.82,426.54,639.82,1066.36,853.09,1066.36,426.54,213.27,639.82,426.54,853.09,426.54,853.09,853.09,639.82,639.82,426.54,426.54,Final jacket assembly 17,62743.01
C2012-08_376,2013-08-25T06:00:00+00:00,144.0,0.0,40600.0,0.0,0.0,1242.36,1279.63,853.09,426.54,426.54,213.27,639.82,0.0,853.09,853.09,426.54,426.54,639.82,426.54,1066.36,853.09,639.82,426.54,639.82,1066.36,853.09,1066.36,426.54,213.27,639.82,426.54,853.09,426.54,853.09,853.09,639.82,639.82,426.54,426.54,Final jacket assembly 18,62743.01
C2012-08_377,2013-09-03T06:00:00+00:00,144.0,0.0,40600.0,0.0,0.0,1242.36,1279.63,853.09,426.54,426.54,213.27,639.82,0.0,853.09,853.09,426.54,426.54,639.82,426.54,1066.36,853.09,639.82,426.54,639.82,1066.36,853.09,1066.36,426.54,213.27,639.82,426.54,853.09,426.54,853.09,853.09,639.82,639.82,426.54,426.54,Final jacket assembly 19,62743.01
C2012-08_378,2013-09-12T06:00:00+00:00,144.0,0.0,40600.0,0.0,0.0,1242.36,1279.63,853.09,426.54,426.54,213.27,639.82,0.0,853.09,853.09,426.54,426.54,639.82,426.54,1066.36,853.09,639.82,426.54,639.82,1066.36,853.09,1066.36,426.54,213.27,639.82,426.54,853.09,426.54,853.09,853.09,639.82,639.82,426.54,426.54,Final jacket assembly 20,62743.01
C2012-08_379,2013-09-21T06:00:00+00:00,144.0,0.0,40600.0,0.0,0.0,1242.36,1279.63,853.09,426.54,426.54,213.27,639.82,0.0,853.09,853.09,426.54,426.54,639.82,426.54,1066.36,853.09,639.82,426.54,639.82,1066.36,853.09,1066.36,426.54,213.27,639.82,426.54,853.09,426.54,853.09,853.09,639.82,639.82,426.54,426.54,Final jacket assembly 21,62743.01
C2012-08_380,2013-09-30T06:00:00+00:00,144.0,0.0,40600.0,0.0,0.0,1242.36,1279.63,853.09,426.54,426.54,213.27,639.82,0.0,853.09,853.09,426.54,426.54,639.82,426.54,1066.36,853.09,639.82,426.54,639.82,1066.36,853.09,1066.36,426.54,213.27,639.82,426.54,853.09,426.54,853.09,853.09,639.82,639.82,426.54,426.54,Final jacket assembly 22,62743.01
C2012-08_381,2013-10-09T06:00:00+00:00,144.0,0.0,40600.0,0.0,0.0,1242.36,1279.63,853.09,426.54,426.54,213.27,639.82,0.0,853.09,853.09,426.54,426.54,639.82,426.54,1066.36,853.09,639.82,426.54,639.82,1066.36,853.09,1066.36,426.54,213.27,639.82,426.54,853.09,426.54,853.09,853.09,639.82,639.82,426.54,426.54,Final jacket assembly 23,62743.01
C2012-08_382,2013-10-18T06:00:00+00:00,144.0,0.0,40600.0,0.0,0.0,1242.36,1279.63,853.09,426.54,426.54,213.27,639.82,0.0,853.09,853.09,426.54,426.54,639.82,426.54,1066.36,853.09,639.82,426.54,639.82,1066.36,853.09,1066.36,426.54,213.27,639.82,426.54,853.09,426.54,853.09,853.09,639.82,639.82,426.54,426.54,Final jacket assembly 24,62743.01
C2012-08_31,2013-04-03T06:00:00+00:00,16.0,0.0,14500.0,0.0,0.0,443.7,457.01,304.67,152.34,152.34,76.17,228.51,0.0,304.67,304.67,152.34,152.34,228.51,152.34,380.84,304.67,228.51,152.34,228.51,380.84,304.67,380.84,152.34,76.17,228.51,152.34,304.67,152.34,304.67,304.67,228.51,228.51,152.34,152.34,Transport (Hoboken to Vlissingen) 1,22408.24
C2012-08_383,2013-04-12T06:00:00+00:00,16.0,0.0,14500.0,0.0,0.0,443.7,457.01,304.67,152.34,152.34,76.17,228.51,0.0,304.67,304.67,152.34,152.34,228.51,152.34,380.84,304.67,228.51,152.34,228.51,380.84,304.67,380.84,152.34,76.17,228.51,152.34,304.67,152.34,304.67,304.67,228.51,228.51,152.34,152.34,Transport (Hoboken to Vlissingen) 2,22408.24
C2012-08_384,2013-04-21T06:00:00+00:00,16.0,0.0,14500.0,0.0,0.0,443.7,457.01,304.67,152.34,152.34,76.17,228.51,0.0,304.67,304.67,152.34,152.34,228.51,152.34,380.84,304.67,228.51,152.34,228.51,380.84,304.67,380.84,152.34,76.17,228.51,152.34,304.67,152.34,304.67,304.67,228.51,228.51,152.34,152.34,Transport (Hoboken to Vlissingen) 3,22408.24
C2012-08_385,2013-04-30T06:00:00+00:00,16.0,0.0,14500.0,0.0,0.0,443.7,457.01,304.67,152.34,152.34,76.17,228.51,0.0,304.67,304.67,152.34,152.34,228.51,152.34,380.84,304.67,228.51,152.34,228.51,380.84,304.67,380.84,152.34,76.17,228.51,152.34,304.67,152.34,304.67,304.67,228.51,228.51,152.34,152.34,Transport (Hoboken to Vlissingen) 4,22408.24
C2012-08_386,2013-05-09T06:00:00+00:00,16.0,0.0,14500.0,0.0,0.0,443.7,457.01,304.67,152.34,152.34,76.17,228.51,0.0,304.67,304.67,152.34,152.34,228.51,152.34,380.84,304.67,228.51,152.34,228.51,380.84,304.67,380.84,152.34,76.17,228.51,152.34,304.67,152.34,304.67,304.67,228.51,228.51,152.34,152.34,Transport (Hoboken to Vlissingen) 5,22408.24
C2012-08_387,2013-05-18T06:00:00+00:00,16.0,0.0,14500.0,0.0,0.0,443.7,457.01,304.67,152.34,152.34,76.17,228.51,0.0,304.67,304.67,152.34,152.34,228.51,152.34,380.84,304.67,228.51,152.34,228.51,380.84,304.67,380.84,152.34,76.17,228.51,152.34,304.67,152.34,304.67,304.67,228.51,228.51,152.34,152.34,Transport (Hoboken to Vlissingen) 6,22408.24
C2012-08_388,2013-05-27T06:00:00+00:00,16.0,0.0,14500.0,0.0,0.0,443.7,457.01,304.67,152.34,152.34,76.17,228.51,0.0,304.67,304.67,152.34,152.34,228.51,152.34,380.84,304.67,228.51,152.34,228.51,380.84,304.67,380.84,152.34,76.17,228.51,152.34,304.67,152.34,304.67,304.67,228.51,228.51,152.34,152.34,Transport (Hoboken to Vlissingen) 7,22408.24
C2012-08_389,2013-06-05T06:00:00+00:00,16.0,0.0,14500.0,0.0,0.0,443.7,457.01,304.67,152.34,152.34,76.17,228.51,0.0,304.67,304.67,152.34,152.34,228.51,152.34,380.84,304.67,228.51,152.34,228.51,380.84,304.67,380.84,152.34,76.17,228.51,152.34,304.67,152.34,304.67,304.67,228.51,228.51,152.34,152.34,Transport (Hoboken to Vlissingen) 8,22408.24
C2012-08_390,2013-06-14T06:00:00+00:00,16.0,0.0,14500.0,0.0,0.0,443.7,457.01,304.67,152.34,152.34,76.17,228.51,0.0,304.67,304.67,152.34,152.34,228.51,152.34,380.84,304.67,228.51,152.34,228.51,380.84,304.67,380.84,152.34,76.17,228.51,152.34,304.67,152.34,304.67,304.67,228.51,228.51,152.34,152.34,Transport (Hoboken to Vlissingen) 9,22408.24
C2012-08_391,2013-06-23T06:00:00+00:00,16.0,0.0,14500.0,0.0,0.0,443.7,457.01,304.67,152.34,152.34,76.17,228.51,0.0,304.67,304.67,152.34,152.34,228.51,152.34,380.84,304.67,228.51,152.34,228.51,380.84,304.67,380.84,152.34,76.17,228.51,152.34,304.67,152.34,304.67,304.67,228.51,228.51,152.34,152.34,Transport (Hoboken to Vlissingen) 10,22408.24
C2012-08_392,2013-07-02T06:00:00+00:00,16.0,0.0,14500.0,0.0,0.0,443.7,457.01,304.67,152.34,152.34,76.17,228.51,0.0,304.67,304.67,152.34,152.34,228.51,152.34,380.84,304.67,228.51,152.34,228.51,380.84,304.67,380.84,152.34,76.17,228.51,152.34,304.67,152.34,304.67,304.67,228.51,228.51,152.34,152.34,Transport (Hoboken to Vlissingen) 11,22408.24
C2012-08_393,2013-07-11T06:00:00+00:00,16.0,0.0,14500.0,0.0,0.0,443.7,457.01,304.67,152.34,152.34,76.17,228.51,0.0,304.67,304.67,152.34,152.34,228.51,152.34,380.84,304.67,228.51,152.34,228.51,380.84,304.67,380.84,152.34,76.17,228.51,152.34,304.67,152.34,304.67,304.67,228.51,228.51,152.34,152.34,Transport (Hoboken to Vlissingen) 12,22408.24
C2012-08_394,2013-07-20T06:00:00+00:00,16.0,0.0,14500.0,0.0,0.0,443.7,457.01,304.67,152.34,152.34,76.17,228.51,0.0,304.67,304.67,152.34,152.34,228.51,152.34,380.84,304.67,228.51,152.34,228.51,380.84,304.67,380.84,152.34,76.17,228.51,152.34,304.67,152.34,304.67,304.67,228.51,228.51,152.34,152.34,Transport (Hoboken to Vlissingen) 13,22408.24
C2012-08_395,2013-07-29T06:00:00+00:00,16.0,0.0,14500.0,0.0,0.0,443.7,457.01,304.67,152.34,152.34,76.17,228.51,0.0,304.67,304.67,152.34,152.34,228.51,152.34,380.84,304.67,228.51,152.34,228.51,380.84,304.67,380.84,152.34,76.17,228.51,152.34,304.67,152.34,304.67,304.67,228.51,228.51,152.34,152.34,Transport (Hoboken to Vlissingen) 14,22408.24
C2012-08_396,2013-08-07T06:00:00+00:00,16.0,0.0,14500.0,0.0,0.0,443.7,457.01,304.67,152.34,152.34,76.17,228.51,0.0,304.67,304.67,152.34,152.34,228.51,152.34,380.84,304.67,228.51,152.34,228.51,380.84,304.67,380.84,152.34,76.17,228.51,152.34,304.67,152.34,304.67,304.67,228.51,228.51,152.34,152.34,Transport (Hoboken to Vlissingen) 15,22408.24
C2012-08_397,2013-08-16T06:00:00+00:00,16.0,0.0,14500.0,0.0,0.0,443.7,457.01,304.67,152.34,152.34,76.17,228.51,0.0,304.67,304.67,152.34,152.34,228.51,152.34,380.84,304.67,228.51,152.34,228.51,380.84,304.67,380.84,152.34,76.17,228.51,152.34,304.67,152.34,304.67,304.67,228.51,228.51,152.34,152.34,Transport (Hoboken to Vlissingen) 16,22408.24
C2012-08_398,2013-08-25T06:00:00+00:00,16.0,0.0,14500.0,0.0,0.0,443.7,457.01,304.67,152.34,152.34,76.17,228.51,0.0,304.67,304.67,152.34,152.34,228.51,152.34,380.84,304.67,228.51,152.34,228.51,380.84,304.67,380.84,152.34,76.17,228.51,152.34,304.67,152.34,304.67,304.67,228.51,228.51,152.34,152.34,Transport (Hoboken to Vlissingen) 17,22408.24
C2012-08_399,2013-09-03T06:00:00+00:00,16.0,0.0,14500.0,0.0,0.0,443.7,457.01,304.67,152.34,152.34,76.17,228.51,0.0,304.67,304.67,152.34,152.34,228.51,152.34,380.84,304.67,228.51,152.34,228.51,380.84,304.67,380.84,152.34,76.17,228.51,152.34,304.67,152.34,304.67,304.67,228.51,228.51,152.34,152.34,Transport (Hoboken to Vlissingen) 18,22408.24
C2012-08_400,2013-09-12T06:00:00+00:00,16.0,0.0,14500.0,0.0,0.0,443.7,457.01,304.67,152.34,152.34,76.17,228.51,0.0,304.67,304.67,152.34,152.34,228.51,152.34,380.84,304.67,228.51,152.34,228.51,380.84,304.67,380.84,152.34,76.17,228.51,152.34,304.67,152.34,304.67,304.67,228.51,228.51,152.34,152.34,Transport (Hoboken to Vlissingen) 19,22408.24
C2012-08_401,2013-09-21T06:00:00+00:00,16.0,0.0,14500.0,0.0,0.0,443.7,457.01,304.67,152.34,152.34,76.17,228.51,0.0,304.67,304.67,152.34,152.34,228.51,152.34,380.84,304.67,228.51,152.34,228.51,380.84,304.67,380.84,152.34,76.17,228.51,152.34,304.67,152.34,304.67,304.67,228.51,228.51,152.34,152.34,Transport (Hoboken to Vlissingen) 20,22408.24
C2012-08_402,2013-09-30T06:00:00+00:00,16.0,0.0,14500.0,0.0,0.0,443.7,457.01,304.67,152.34,152.34,76.17,228.51,0.0,304.67,304.67,152.34,152.34,228.51,152.34,380.84,304.67,228.51,152.34,228.51,380.84,304.67,380.84,152.34,76.17,228.51,152.34,304.67,152.34,304.67,304.67,228.51,228.51,152.34,152.34,Transport (Hoboken to Vlissingen) 21,22408.24
C2012-08_403,2013-10-09T06:00:00+00:00,16.0,0.0,14500.0,0.0,0.0,443.7,457.01,304.67,152.34,152.34,76.17,228.51,0.0,304.67,304.67,152.34,152.34,228.51,152.34,380.84,304.67,228.51,152.34,228.51,380.84,304.67,380.84,152.34,76.17,228.51,152.34,304.67,152.34,304.67,304.67,228.51,228.51,152.34,152.34,Transport (Hoboken to Vlissingen) 22,22408.24
C2012-08_404,2013-10-18T06:00:00+00:00,16.0,0.0,14500.0,0.0,0.0,443.7,457.01,304.67,152.34,152.34,76.17,228.51,0.0,304.67,304.67,152.34,152.34,228.51,152.34,380.84,304.67,228.51,152.34,228.51,380.84,304.67,380.84,152.34,76.17,228.51,152.34,304.67,152.34,304.67,304.67,228.51,228.51,152.34,152.34,Transport (Hoboken to Vlissingen) 23,22408.24
C2012-08_405,2013-10-27T06:00:00+00:00,16.0,0.0,14500.0,0.0,0.0,443.7,457.01,304.67,152.34,152.34,76.17,228.51,0.0,304.67,304.67,152.34,152.34,228.51,152.34,380.84,304.67,228.51,152.34,228.51,380.84,304.67,380.84,152.34,76.17,228.51,152.34,304.67,152.34,304.67,304.67,228.51,228.51,152.34,152.34,Transport (Hoboken to Vlissingen) 24,22408.24
C2012-08_313,2013-05-04T06:00:00+00:00,16.0,4800.0,0.0,20000.0,5000.0,924.0,951.72,634.48,317.24,317.24,158.62,475.86,0.0,634.48,634.48,317.24,317.24,475.86,317.24,793.1,634.48,475.86,317.24,475.86,793.1,634.48,793.1,317.24,158.62,475.86,317.24,634.48,317.24,634.48,634.48,475.86,475.86,317.24,317.24,Transport of the jacket foundations 1,46268.76
C2012-08_314,2013-05-03T06:00:00+00:00,16.0,4800.0,0.0,20000.0,5000.0,924.0,951.72,634.48,317.24,317.24,158.62,475.86,0.0,634.48,634.48,317.24,317.24,475.86,317.24,793.1,634.48,475.86,317.24,475.86,793.1,634.48,793.1,317.24,158.62,475.86,317.24,634.48,317.24,634.48,634.48,475.86,475.86,317.24,317.24,Transport of the jacket foundations 2,46268.76
C2012-08_315,2013-04-29T06:00:00+00:00,16.0,4800.0,0.0,20000.0,5000.0,924.0,951.72,634.48,317.24,317.24,158.62,475.86,0.0,634.48,634.48,317.24,317.24,475.86,317.24,793.1,634.48,475.86,317.24,475.86,793.1,634.48,793.1,317.24,158.62,475.86,317.24,634.48,317.24,634.48,634.48,475.86,475.86,317.24,317.24,Transport of the jacket foundations 3,46268.76
C2012-08_316,2013-05-02T06:00:00+00:00,16.0,4800.0,0.0,20000.0,5000.0,924.0,951.72,634.48,317.24,317.24,158.62,475.86,0.0,634.48,634.48,317.24,317.24,475.86,317.24,793.1,634.48,475.86,317.24,475.86,793.1,634.48,793.1,317.24,158.62,475.86,317.24,634.48,317.24,634.48,634.48,475.86,475.86,317.24,317.24,Transport of the jacket foundations 4,46268.76
C2012-08_317,2013-05-14T06:00:00+00:00,16.0,4800.0,0.0,20000.0,5000.0,924.0,951.72,634.48,317.24,317.24,158.62,475.86,0.0,634.48,634.48,317.24,317.24,475.86,317.24,793.1,634.48,475.86,317.24,475.86,793.1,634.48,793.1,317.24,158.62,475.86,317.24,634.48,317.24,634.48,634.48,475.86,475.86,317.24,317.24,Transport of the jacket foundations 5,46268.76
C2012-08_318,2013-05-19T06:00:00+00:00,16.0,4800.0,0.0,20000.0,5000.0,924.0,951.72,634.48,317.24,317.24,158.62,475.86,0.0,634.48,634.48,317.24,317.24,475.86,317.24,793.1,634.48,475.86,317.24,475.86,793.1,634.48,793.1,317.24,158.62,475.86,317.24,634.48,317.24,634.48,634.48,475.86,475.86,317.24,317.24,Transport of the jacket foundations 6,46268.76
C2012-08_319,2013-05-28T06:00:00+00:00,16.0,4800.0,0.0,20000.0,5000.0,924.0,951.72,634.48,317.24,317.24,158.62,475.86,0.0,634.48,634.48,317.24,317.24,475.86,317.24,793.1,634.48,475.86,317.24,475.86,793.1,634.48,793.1,317.24,158.62,475.86,317.24,634.48,317.24,634.48,634.48,475.86,475.86,317.24,317.24,Transport of the jacket foundations 7,46268.76
C2012-08_320,2013-06-06T06:00:00+00:00,16.0,4800.0,0.0,20000.0,5000.0,924.0,951.72,634.48,317.24,317.24,158.62,475.86,0.0,634.48,634.48,317.24,317.24,475.86,317.24,793.1,634.48,475.86,317.24,475.86,793.1,634.48,793.1,317.24,158.62,475.86,317.24,634.48,317.24,634.48,634.48,475.86,475.86,317.24,317.24,Transport of the jacket foundations 8,46268.76
C2012-08_321,2013-06-15T06:00:00+00:00,16.0,4800.0,0.0,20000.0,5000.0,924.0,951.72,634.48,317.24,317.24,158.62,475.86,0.0,634.48,634.48,317.24,317.24,475.86,317.24,793.1,634.48,475.86,317.24,475.86,793.1,634.48,793.1,317.24,158.62,475.86,317.24,634.48,317.24,634.48,634.48,475.86,475.86,317.24,317.24,Transport of the jacket foundations 9,46268.76
C2012-08_322,2013-06-24T06:00:00+00:00,16.0,4800.0,0.0,20000.0,5000.0,924.0,951.72,634.48,317.24,317.24,158.62,475.86,0.0,634.48,634.48,317.24,317.24,475.86,317.24,793.1,634.48,475.86,317.24,475.86,793.1,634.48,793.1,317.24,158.62,475.86,317.24,634.48,317.24,634.48,634.48,475.86,475.86,317.24,317.24,Transport of the jacket foundations 10,46268.76
C2012-08_323,2013-07-03T06:00:00+00:00,16.0,4800.0,0.0,20000.0,5000.0,924.0,951.72,634.48,317.24,317.24,158.62,475.86,0.0,634.48,634.48,317.24,317.24,475.86,317.24,793.1,634.48,475.86,317.24,475.86,793.1,634.48,793.1,317.24,158.62,475.86,317.24,634.48,317.24,634.48,634.48,475.86,475.86,317.24,317.24,Transport of the jacket foundations 11,46268.76
C2012-08_324,2013-07-12T06:00:00+00:00,16.0,4800.0,0.0,20000.0,5000.0,924.0,951.72,634.48,317.24,317.24,158.62,475.86,0.0,634.48,634.48,317.24,317.24,475.86,317.24,793.1,634.48,475.86,317.24,475.86,793.1,634.48,793.1,317.24,158.62,475.86,317.24,634.48,317.24,634.48,634.48,475.86,475.86,317.24,317.24,Transport of the jacket foundations 12,46268.76
C2012-08_325,2013-07-21T06:00:00+00:00,16.0,4800.0,0.0,20000.0,5000.0,924.0,951.72,634.48,317.24,317.24,158.62,475.86,0.0,634.48,634.48,317.24,317.24,475.86,317.24,793.1,634.48,475.86,317.24,475.86,793.1,634.48,793.1,317.24,158.62,475.86,317.24,634.48,317.24,634.48,634.48,475.86,475.86,317.24,317.24,Transport of the jacket foundations 13,46268.76
C2012-08_326,2013-07-30T06:00:00+00:00,16.0,4800.0,0.0,20000.0,5000.0,924.0,951.72,634.48,317.24,317.24,158.62,475.86,0.0,634.48,634.48,317.24,317.24,475.86,317.24,793.1,634.48,475.86,317.24,475.86,793.1,634.48,793.1,317.24,158.62,475.86,317.24,634.48,317.24,634.48,634.48,475.86,475.86,317.24,317.24,Transport of the jacket foundations 14,46268.76
C2012-08_327,2013-08-08T06:00:00+00:00,16.0,4800.0,0.0,20000.0,5000.0,924.0,951.72,634.48,317.24,317.24,158.62,475.86,0.0,634.48,634.48,317.24,317.24,475.86,317.24,793.1,634.48,475.86,317.24,475.86,793.1,634.48,793.1,317.24,158.62,475.86,317.24,634.48,317.24,634.48,634.48,475.86,475.86,317.24,317.24,Transport of the jacket foundations 15,46268.76
C2012-08_328,2013-08-17T06:00:00+00:00,16.0,4800.0,0.0,20000.0,5000.0,924.0,951.72,634.48,317.24,317.24,158.62,475.86,0.0,634.48,634.48,317.24,317.24,475.86,317.24,793.1,634.48,475.86,317.24,475.86,793.1,634.48,793.1,317.24,158.62,475.86,317.24,634.48,317.24,634.48,634.48,475.86,475.86,317.24,317.24,Transport of the jacket foundations 16,46268.76
C2012-08_329,2013-08-26T06:00:00+00:00,16.0,4800.0,0.0,20000.0,5000.0,924.0,951.72,634.48,317.24,317.24,158.62,475.86,0.0,634.48,634.48,317.24,317.24,475.86,317.24,793.1,634.48,475.86,317.24,475.86,793.1,634.48,793.1,317.24,158.62,475.86,317.24,634.48,317.24,634.48,634.48,475.86,475.86,317.24,317.24,Transport of the jacket foundations 17,46268.76
C2012-08_330,2013-09-04T06:00:00+00:00,16.0,4800.0,0.0,20000.0,5000.0,924.0,951.72,634.48,317.24,317.24,158.62,475.86,0.0,634.48,634.48,317.24,317.24,475.86,317.24,793.1,634.48,475.86,317.24,475.86,793.1,634.48,793.1,317.24,158.62,475.86,317.24,634.48,317.24,634.48,634.48,475.86,475.86,317.24,317.24,Transport of the jacket foundations 18,46268.76
C2012-08_331,2013-09-13T06:00:00+00:00,16.0,4800.0,0.0,20000.0,5000.0,924.0,951.72,634.48,317.24,317.24,158.62,475.86,0.0,634.48,634.48,317.24,317.24,475.86,317.24,793.1,634.48,475.86,317.24,475.86,793.1,634.48,793.1,317.24,158.62,475.86,317.24,634.48,317.24,634.48,634.48,475.86,475.86,317.24,317.24,Transport of the jacket foundations 19,46268.76
C2012-08_332,2013-09-22T06:00:00+00:00,16.0,4800.0,0.0,20000.0,5000.0,924.0,951.72,634.48,317.24,317.24,158.62,475.86,0.0,634.48,634.48,317.24,317.24,475.86,317.24,793.1,634.48,475.86,317.24,475.86,793.1,634.48,793.1,317.24,158.62,475.86,317.24,634.48,317.24,634.48,634.48,475.86,475.86,317.24,317.24,Transport of the jacket foundations 20,46268.76
C2012-08_333,2013-10-01T06:00:00+00:00,16.0,4800.0,0.0,20000.0,5000.0,924.0,951.72,634.48,317.24,317.24,158.62,475.86,0.0,634.48,634.48,317.24,317.24,475.86,317.24,793.1,634.48,475.86,317.24,475.86,793.1,634.48,793.1,317.24,158.62,475.86,317.24,634.48,317.24,634.48,634.48,475.86,475.86,317.24,317.24,Transport of the jacket foundations 21,46268.76
C2012-08_334,2013-10-10T06:00:00+00:00,16.0,4800.0,0.0,20000.0,5000.0,924.0,951.72,634.48,317.24,317.24,158.62,475.86,0.0,634.48,634.48,317.24,317.24,475.86,317.24,793.1,634.48,475.86,317.24,475.86,793.1,634.48,793.1,317.24,158.62,475.86,317.24,634.48,317.24,634.48,634.48,475.86,475.86,317.24,317.24,Transport of the jacket foundations 22,46268.76
C2012-08_335,2013-10-19T06:00:00+00:00,16.0,4800.0,0.0,20000.0,5000.0,924.0,951.72,634.48,317.24,317.24,158.62,475.86,0.0,634.48,634.48,317.24,317.24,475.86,317.24,793.1,634.48,475.86,317.24,475.86,793.1,634.48,793.1,317.24,158.62,475.86,317.24,634.48,317.24,634.48,634.48,475.86,475.86,317.24,317.24,Transport of the jacket foundations 23,46268.76
C2012-08_336,2013-10-28T06:00:00+00:00,16.0,4800.0,0.0,20000.0,5000.0,924.0,951.72,634.48,317.24,317.24,158.62,475.86,0.0,634.48,634.48,317.24,317.24,475.86,317.24,793.1,634.48,475.86,317.24,475.86,793.1,634.48,793.1,317.24,158.62,475.86,317.24,634.48,317.24,634.48,634.48,475.86,475.86,317.24,317.24,Transport of the jacket foundations 24,46268.76
C2012-08_289,2013-06-09T06:00:00+00:00,16.0,30400.0,0.0,57920.0,14480.0,3170.88,3266.01,2177.34,1088.67,1088.67,544.33,1633.0,0.0,2177.34,2177.34,1088.67,1088.67,1633.0,1088.67,2721.67,2177.34,1633.0,1088.67,1633.0,2721.67,2177.34,2721.67,1088.67,544.33,1633.0,1088.67,2177.34,1088.67,2177.34,2177.34,1633.0,1633.0,1088.67,1088.67,Installation of the jacket foundations 1,159315.65
C2012-08_290,2013-06-13T06:00:00+00:00,16.0,30400.0,0.0,57920.0,14480.0,3170.88,3266.01,2177.34,1088.67,1088.67,544.33,1633.0,0.0,2177.34,2177.34,1088.67,1088.67,1633.0,1088.67,2721.67,2177.34,1633.0,1088.67,1633.0,2721.67,2177.34,2721.67,1088.67,544.33,1633.0,1088.67,2177.34,1088.67,2177.34,2177.34,1633.0,1633.0,1088.67,1088.67,Installation of the jacket foundations 2,159315.65
C2012-08_291,2013-06-17T06:00:00+00:00,16.0,30400.0,0.0,57920.0,14480.0,3170.88,3266.01,2177.34,1088.67,1088.67,544.33,1633.0,0.0,2177.34,2177.34,1088.67,1088.67,1633.0,1088.67,2721.67,2177.34,1633.0,1088.67,1633.0,2721.67,2177.34,2721.67,1088.67,544.33,1633.0,1088.67,2177.34,1088.67,2177.34,2177.34,1633.0,1633.0,1088.67,1088.67,Installation of the jacket foundations 3,159315.65
C2012-08_292,2013-06-21T06:00:00+00:00,16.0,30400.0,0.0,57920.0,14480.0,3170.88,3266.01,2177.34,1088.67,1088.67,544.33,1633.0,0.0,2177.34,2177.34,1088.67,1088.67,1633.0,1088.67,2721.67,2177.34,1633.0,1088.67,1633.0,2721.67,2177.34,2721.67,1088.67,544.33,1633.0,1088.67,2177.34,1088.67,2177.34,2177.34,1633.0,1633.0,1088.67,1088.67,Installation of the jacket foundations 4,159315.65
C2012-08_293,2013-06-26T06:00:00+00:00,16.0,30400.0,0.0,57920.0,14480.0,3170.88,3266.01,2177.34,1088.67,1088.67,544.33,1633.0,0.0,2177.34,2177.34,1088.67,1088.67,1633.0,1088.67,2721.67,2177.34,1633.0,1088.67,1633.0,2721.67,2177.34,2721.67,1088.67,544.33,1633.0,1088.67,2177.34,1088.67,2177.34,2177.34,1633.0,1633.0,1088.67,1088.67,Installation of the jacket foundations 5,159315.65
C2012-08_294,2013-06-30T06:00:00+00:00,16.0,30400.0,0.0,57920.0,14480.0,3170.88,3266.01,2177.34,1088.67,1088.67,544.33,1633.0,0.0,2177.34,2177.34,1088.67,1088.67,1633.0,1088.67,2721.67,2177.34,1633.0,1088.67,1633.0,2721.67,2177.34,2721.67,1088.67,544.33,1633.0,1088.67,2177.34,1088.67,2177.34,2177.34,1633.0,1633.0,1088.67,1088.67,Installation of the jacket foundations 6,159315.65
C2012-08_295,2013-07-04T06:00:00+00:00,16.0,30400.0,0.0,57920.0,14480.0,3170.88,3266.01,2177.34,1088.67,1088.67,544.33,1633.0,0.0,2177.34,2177.34,1088.67,1088.67,1633.0,1088.67,2721.67,2177.34,1633.0,1088.67,1633.0,2721.67,2177.34,2721.67,1088.67,544.33,1633.0,1088.67,2177.34,1088.67,2177.34,2177.34,1633.0,1633.0,1088.67,1088.67,Installation of the jacket foundations 7,159315.65
C2012-08_296,2013-07-08T06:00:00+00:00,16.0,30400.0,0.0,57920.0,14480.0,3170.88,3266.01,2177.34,1088.67,1088.67,544.33,1633.0,0.0,2177.34,2177.34,1088.67,1088.67,1633.0,1088.67,2721.67,2177.34,1633.0,1088.67,1633.0,2721.67,2177.34,2721.67,1088.67,544.33,1633.0,1088.67,2177.34,1088.67,2177.34,2177.34,1633.0,1633.0,1088.67,1088.67,Installation of the jacket foundations 8,159315.65
C2012-08_297,2013-07-12T06:00:00+00:00,16.0,30400.0,0.0,57920.0,14480.0,3170.88,3266.01,2177.34,1088.67,1088.67,544.33,1633.0,0.0,2177.34,2177.34,1088.67,1088.67,1633.0,1088.67,2721.67,2177.34,1633.0,1088.67,1633.0,2721.67,2177.34,2721.67,1088.67,544.33,1633.0,1088.67,2177.34,1088.67,2177.34,2177.34,1633.0,1633.0,1088.67,1088.67,Installation of the jacket foundations 9,159315.65
C2012-08_298,2013-07-16T06:00:00+00:00,16.0,30400.0,0.0,57920.0,14480.0,3170.88,3266.01,2177.34,1088.67,1088.67,544.33,1633.0,0.0,2177.34,2177.34,1088.67,1088.67,1633.0,1088.67,2721.67,2177.34,1633.0,1088.67,1633.0,2721.67,2177.34,2721.67,1088.67,544.33,1633.0,1088.67,2177.34,1088.67,2177.34,2177.34,1633.0,1633.0,1088.67,1088.67,Installation of the jacket foundations 10,159315.65
C2012-08_299,2013-07-20T06:00:00+00:00,16.0,30400.0,0.0,57920.0,14480.0,3170.88,3266.01,2177.34,1088.67,1088.67,544.33,1633.0,0.0,2177.34,2177.34,1088.67,1088.67,1633.0,1088.67,2721.67,2177.34,1633.0,1088.67,1633.0,2721.67,2177.34,2721.67,1088.67,544.33,1633.0,1088.67,2177.34,1088.67,2177.34,2177.34,1633.0,1633.0,1088.67,1088.67,Installation of the jacket foundations 11,159315.65
C2012-08_300,2013-07-24T06:00:00+00:00,16.0,30400.0,0.0,57920.0,14480.0,3170.88,3266.01,2177.34,1088.67,1088.67,544.33,1633.0,0.0,2177.34,2177.34,1088.67,1088.67,1633.0,1088.67,2721.67,2177.34,1633.0,1088.67,1633.0,2721.67,2177.34,2721.67,1088.67,544.33,1633.0,1088.67,2177.34,1088.67,2177.34,2177.34,1633.0,1633.0,1088.67,1088.67,Installation of the jacket foundations 12,159315.65
C2012-08_301,2013-07-28T06:00:00+00:00,16.0,30400.0,0.0,57920.0,14480.0,3170.88,3266.01,2177.34,1088.67,1088.67,544.33,1633.0,0.0,2177.34,2177.34,1088.67,1088.67,1633.0,1088.67,2721.67,2177.34,1633.0,1088.67,1633.0,2721.67,2177.34,2721.67,1088.67,544.33,1633.0,1088.67,2177.34,1088.67,2177.34,2177.34,1633.0,1633.0,1088.67,1088.67,Installation of the jacket foundations 13,159315.65
C2012-08_302,2013-08-01T06:00:00+00:00,16.0,30400.0,0.0,57920.0,14480.0,3170.88,3266.01,2177.34,1088.67,1088.67,544.33,1633.0,0.0,2177.34,2177.34,1088.67,1088.67,1633.0,1088.67,2721.67,2177.34,1633.0,1088.67,1633.0,2721.67,2177.34,2721.67,1088.67,544.33,1633.0,1088.67,2177.34,1088.67,2177.34,2177.34,1633.0,1633.0,1088.67,1088.67,Installation of the jacket foundations 14,159315.65
C2012-08_303,2013-08-09T06:00:00+00:00,16.0,30400.0,0.0,57920.0,14480.0,3170.88,3266.01,2177.34,1088.67,1088.67,544.33,1633.0,0.0,2177.34,2177.34,1088.67,1088.67,1633.0,1088.67,2721.67,2177.34,1633.0,1088.67,1633.0,2721.67,2177.34,2721.67,1088.67,544.33,1633.0,1088.67,2177.34,1088.67,2177.34,2177.34,1633.0,1633.0,1088.67,1088.67,Installation of the jacket foundations 15,159315.65
C2012-08_304,2013-08-18T06:00:00+00:00,16.0,30400.0,0.0,57920.0,14480.0,3170.88,3266.01,2177.34,1088.67,1088.67,544.33,1633.0,0.0,2177.34,2177.34,1088.67,1088.67,1633.0,1088.67,2721.67,2177.34,1633.0,1088.67,1633.0,2721.67,2177.34,2721.67,1088.67,544.33,1633.0,1088.67,2177.34,1088.67,2177.34,2177.34,1633.0,1633.0,1088.67,1088.67,Installation of the jacket foundations 16,159315.65
C2012-08_305,2013-08-27T06:00:00+00:00,16.0,30400.0,0.0,57920.0,14480.0,3170.88,3266.01,2177.34,1088.67,1088.67,544.33,1633.0,0.0,2177.34,2177.34,1088.67,1088.67,1633.0,1088.67,2721.67,2177.34,1633.0,1088.67,1633.0,2721.67,2177.34,2721.67,1088.67,544.33,1633.0,1088.67,2177.34,1088.67,2177.34,2177.34,1633.0,1633.0,1088.67,1088.67,Installation of the jacket foundations 17,159315.65
C2012-08_306,2013-09-05T06:00:00+00:00,16.0,30400.0,0.0,57920.0,14480.0,3170.88,3266.01,2177.34,1088.67,1088.67,544.33,1633.0,0.0,2177.34,2177.34,1088.67,1088.67,1633.0,1088.67,2721.67,2177.34,1633.0,1088.67,1633.0,2721.67,2177.34,2721.67,1088.67,544.33,1633.0,1088.67,2177.34,1088.67,2177.34,2177.34,1633.0,1633.0,1088.67,1088.67,Installation of the jacket foundations 18,159315.65
C2012-08_307,2013-09-14T06:00:00+00:00,16.0,30400.0,0.0,57920.0,14480.0,3170.88,3266.01,2177.34,1088.67,1088.67,544.33,1633.0,0.0,2177.34,2177.34,1088.67,1088.67,1633.0,1088.67,2721.67,2177.34,1633.0,1088.67,1633.0,2721.67,2177.34,2721.67,1088.67,544.33,1633.0,1088.67,2177.34,1088.67,2177.34,2177.34,1633.0,1633.0,1088.67,1088.67,Installation of the jacket foundations 19,159315.65
C2012-08_308,2013-09-23T06:00:00+00:00,16.0,30400.0,0.0,57920.0,14480.0,3170.88,3266.01,2177.34,1088.67,1088.67,544.33,1633.0,0.0,2177.34,2177.34,1088.67,1088.67,1633.0,1088.67,2721.67,2177.34,1633.0,1088.67,1633.0,2721.67,2177.34,2721.67,1088.67,544.33,1633.0,1088.67,2177.34,1088.67,2177.34,2177.34,1633.0,1633.0,1088.67,1088.67,Installation of the jacket foundations 20,159315.65
C2012-08_309,2013-10-02T06:00:00+00:00,16.0,30400.0,0.0,57920.0,14480.0,3170.88,3266.01,2177.34,1088.67,1088.67,544.33,1633.0,0.0,2177.34,2177.34,1088.67,1088.67,1633.0,1088.67,2721.67,2177.34,1633.0,1088.67,1633.0,2721.67,2177.34,2721.67,1088.67,544.33,1633.0,1088.67,2177.34,1088.67,2177.34,2177.34,1633.0,1633.0,1088.67,1088.67,Installation of the jacket foundations 21,159315.65
C2012-08_310,2013-10-11T06:00:00+00:00,16.0,30400.0,0.0,57920.0,14480.0,3170.88,3266.01,2177.34,1088.67,1088.67,544.33,1633.0,0.0,2177.34,2177.34,1088.67,1088.67,1633.0,1088.67,2721.67,2177.34,1633.0,1088.67,1633.0,2721.67,2177.34,2721.67,1088.67,544.33,1633.0,1088.67,2177.34,1088.67,2177.34,2177.34,1633.0,1633.0,1088.67,1088.67,Installation of the jacket foundations 22,159315.65
C2012-08_311,2013-10-20T06:00:00+00:00,16.0,30400.0,0.0,57920.0,14480.0,3170.88,3266.01,2177.34,1088.67,1088.67,544.33,1633.0,0.0,2177.34,2177.34,1088.67,1088.67,1633.0,1088.67,2721.67,2177.34,1633.0,1088.67,1633.0,2721.67,2177.34,2721.67,1088.67,544.33,1633.0,1088.67,2177.34,1088.67,2177.34,2177.34,1633.0,1633.0,1088.67,1088.67,Installation of the jacket foundations 23,159315.65
C2012-08_312,2013-10-29T06:00:00+00:00,16.0,30400.0,0.0,57920.0,14480.0,3170.88,3266.01,2177.34,1088.67,1088.67,544.33,1633.0,0.0,2177.34,2177.34,1088.67,1088.67,1633.0,1088.67,2721.67,2177.34,1633.0,1088.67,1633.0,2721.67,2177.34,2721.67,1088.67,544.33,1633.0,1088.67,2177.34,1088.67,2177.34,2177.34,1633.0,1633.0,1088.67,1088.67,Installation of the jacket foundations 24,159315.65
C2012-08_265,2013-06-10T06:00:00+00:00,16.0,38400.0,98000.0,57920.0,14480.0,6350.88,6541.41,4360.94,2180.47,2180.47,1090.23,3270.7,0.0,4360.94,4360.94,2180.47,2180.47,3270.7,2180.47,5451.17,4360.94,3270.7,2180.47,3270.7,5451.17,4360.94,5451.17,2180.47,1090.23,3270.7,2180.47,4360.94,2180.47,4360.94,4360.94,3270.7,3270.7,2180.47,2180.47,Grouting of foundation to the pin-piles 1,321993.85
C2012-08_266,2013-06-14T06:00:00+00:00,16.0,38400.0,98000.0,57920.0,14480.0,6350.88,6541.41,4360.94,2180.47,2180.47,1090.23,3270.7,0.0,4360.94,4360.94,2180.47,2180.47,3270.7,2180.47,5451.17,4360.94,3270.7,2180.47,3270.7,5451.17,4360.94,5451.17,2180.47,1090.23,3270.7,2180.47,4360.94,2180.47,4360.94,4360.94,3270.7,3270.7,2180.47,2180.47,Grouting of foundation to the pin-piles 2,321993.85
C2012-08_267,2013-06-18T06:00:00+00:00,16.0,38400.0,98000.0,57920.0,14480.0,6350.88,6541.41,4360.94,2180.47,2180.47,1090.23,3270.7,0.0,4360.94,4360.94,2180.47,2180.47,3270.7,2180.47,5451.17,4360.94,3270.7,2180.47,3270.7,5451.17,4360.94,5451.17,2180.47,1090.23,3270.7,2180.47,4360.94,2180.47,4360.94,4360.94,3270.7,3270.7,2180.47,2180.47,Grouting of foundation to the pin-piles 3,321993.85
C2012-08_268,2013-06-22T06:00:00+00:00,16.0,38400.0,98000.0,57920.0,14480.0,6350.88,6541.41,4360.94,2180.47,2180.47,1090.23,3270.7,0.0,4360.94,4360.94,2180.47,2180.47,3270.7,2180.47,5451.17,4360.94,3270.7,2180.47,3270.7,5451.17,4360.94,5451.17,2180.47,1090.23,3270.7,2180.47,4360.94,2180.47,4360.94,4360.94,3270.7,3270.7,2180.47,2180.47,Grouting of foundation to the pin-piles 4,321993.85
C2012-08_269,2013-06-27T06:00:00+00:00,16.0,38400.0,98000.0,57920.0,14480.0,6350.88,6541.41,4360.94,2180.47,2180.47,1090.23,3270.7,0.0,4360.94,4360.94,2180.47,2180.47,3270.7,2180.47,5451.17,4360.94,3270.7,2180.47,3270.7,5451.17,4360.94,5451.17,2180.47,1090.23,3270.7,2180.47,4360.94,2180.47,4360.94,4360.94,3270.7,3270.7,2180.47,2180.47,Grouting of foundation to the pin-piles 5,321993.85
C2012-08_270,2013-07-01T06:00:00+00:00,16.0,38400.0,98000.0,57920.0,14480.0,6350.88,6541.41,4360.94,2180.47,2180.47,1090.23,3270.7,0.0,4360.94,4360.94,2180.47,2180.47,3270.7,2180.47,5451.17,4360.94,3270.7,2180.47,3270.7,5451.17,4360.94,5451.17,2180.47,1090.23,3270.7,2180.47,4360.94,2180.47,4360.94,4360.94,3270.7,3270.7,2180.47,2180.47,Grouting of foundation to the pin-piles 6,321993.85
C2012-08_271,2013-07-05T06:00:00+00:00,16.0,38400.0,98000.0,57920.0,14480.0,6350.88,6541.41,4360.94,2180.47,2180.47,1090.23,3270.7,0.0,4360.94,4360.94,2180.47,2180.47,3270.7,2180.47,5451.17,4360.94,3270.7,2180.47,3270.7,5451.17,4360.94,5451.17,2180.47,1090.23,3270.7,2180.47,4360.94,2180.47,4360.94,4360.94,3270.7,3270.7,2180.47,2180.47,Grouting of foundation to the pin-piles 7,321993.85
C2012-08_272,2013-07-09T06:00:00+00:00,16.0,38400.0,98000.0,57920.0,14480.0,6350.88,6541.41,4360.94,2180.47,2180.47,1090.23,3270.7,0.0,4360.94,4360.94,2180.47,2180.47,3270.7,2180.47,5451.17,4360.94,3270.7,2180.47,3270.7,5451.17,4360.94,5451.17,2180.47,1090.23,3270.7,2180.47,4360.94,2180.47,4360.94,4360.94,3270.7,3270.7,2180.47,2180.47,Grouting of foundation to the pin-piles 8,321993.85
C2012-08_273,2013-07-13T06:00:00+00:00,16.0,38400.0,98000.0,57920.0,14480.0,6350.88,6541.41,4360.94,2180.47,2180.47,1090.23,3270.7,0.0,4360.94,4360.94,2180.47,2180.47,3270.7,2180.47,5451.17,4360.94,3270.7,2180.47,3270.7,5451.17,4360.94,5451.17,2180.47,1090.23,3270.7,2180.47,4360.94,2180.47,4360.94,4360.94,3270.7,3270.7,2180.47,2180.47,Grouting of foundation to the pin-piles 9,321993.85
C2012-08_274,2013-07-17T06:00:00+00:00,16.0,38400.0,98000.0,57920.0,14480.0,6350.88,6541.41,4360.94,2180.47,2180.47,1090.23,3270.7,0.0,4360.94,4360.94,2180.47,2180.47,3270.7,2180.47,5451.17,4360.94,3270.7,2180.47,3270.7,5451.17,4360.94,5451.17,2180.47,1090.23,3270.7,2180.47,4360.94,2180.47,4360.94,4360.94,3270.7,3270.7,2180.47,2180.47,Grouting of foundation to the pin-piles 10,321993.85
C2012-08_275,2013-07-21T06:00:00+00:00,16.0,38400.0,98000.0,57920.0,14480.0,6350.88,6541.41,4360.94,2180.47,2180.47,1090.23,3270.7,0.0,4360.94,4360.94,2180.47,2180.47,3270.7,2180.47,5451.17,4360.94,3270.7,2180.47,3270.7,5451.17,4360.94,5451.17,2180.47,1090.23,3270.7,2180.47,4360.94,2180.47,4360.94,4360.94,3270.7,3270.7,2180.47,2180.47,Grouting of foundation to the pin-piles 11,321993.85
C2012-08_276,2013-07-25T06:00:00+00:00,16.0,38400.0,98000.0,57920.0,14480.0,6350.88,6541.41,4360.94,2180.47,2180.47,1090.23,3270.7,0.0,4360.94,4360.94,2180.47,2180.47,3270.7,2180.47,5451.17,4360.94,3270.7,2180.47,3270.7,5451.17,4360.94,5451.17,2180.47,1090.23,3270.7,2180.47,4360.94,2180.47,4360.94,4360.94,3270.7,3270.7,2180.47,2180.47,Grouting of foundation to the pin-piles 12,321993.85
C2012-08_277,2013-07-29T06:00:00+00:00,16.0,38400.0,98000.0,57920.0,14480.0,6350.88,6541.41,4360.94,2180.47,2180.47,1090.23,3270.7,0.0,4360.94,4360.94,2180.47,2180.47,3270.7,2180.47,5451.17,4360.94,3270.7,2180.47,3270.7,5451.17,4360.94,5451.17,2180.47,1090.23,3270.7,2180.47,4360.94,2180.47,4360.94,4360.94,3270.7,3270.7,2180.47,2180.47,Grouting of foundation to the pin-piles 13,321993.85
C2012-08_278,2013-08-02T06:00:00+00:00,16.0,38400.0,98000.0,57920.0,14480.0,6350.88,6541.41,4360.94,2180.47,2180.47,1090.23,3270.7,0.0,4360.94,4360.94,2180.47,2180.47,3270.7,2180.47,5451.17,4360.94,3270.7,2180.47,3270.7,5451.17,4360.94,5451.17,2180.47,1090.23,3270.7,2180.47,4360.94,2180.47,4360.94,4360.94,3270.7,3270.7,2180.47,2180.47,Grouting of foundation to the pin-piles 14,321993.85
C2012-08_279,2013-08-10T06:00:00+00:00,16.0,38400.0,98000.0,57920.0,14480.0,6350.88,6541.41,4360.94,2180.47,2180.47,1090.23,3270.7,0.0,4360.94,4360.94,2180.47,2180.47,3270.7,2180.47,5451.17,4360.94,3270.7,2180.47,3270.7,5451.17,4360.94,5451.17,2180.47,1090.23,3270.7,2180.47,4360.94,2180.47,4360.94,4360.94,3270.7,3270.7,2180.47,2180.47,Grouting of foundation to the pin-piles 15,321993.85
C2012-08_280,2013-08-19T06:00:00+00:00,16.0,38400.0,98000.0,57920.0,14480.0,6350.88,6541.41,4360.94,2180.47,2180.47,1090.23,3270.7,0.0,4360.94,4360.94,2180.47,2180.47,3270.7,2180.47,5451.17,4360.94,3270.7,2180.47,3270.7,5451.17,4360.94,5451.17,2180.47,1090.23,3270.7,2180.47,4360.94,2180.47,4360.94,4360.94,3270.7,3270.7,2180.47,2180.47,Grouting of foundation to the pin-piles 16,321993.85
C2012-08_281,2013-08-28T06:00:00+00:00,16.0,38400.0,98000.0,57920.0,14480.0,6350.88,6541.41,4360.94,2180.47,2180.47,1090.23,3270.7,0.0,4360.94,4360.94,2180.47,2180.47,3270.7,2180.47,5451.17,4360.94,3270.7,2180.47,3270.7,5451.17,4360.94,5451.17,2180.47,1090.23,3270.7,2180.47,4360.94,2180.47,4360.94,4360.94,3270.7,3270.7,2180.47,2180.47,Grouting of foundation to the pin-piles 17,321993.85
C2012-08_282,2013-09-06T06:00:00+00:00,16.0,38400.0,98000.0,57920.0,14480.0,6350.88,6541.41,4360.94,2180.47,2180.47,1090.23,3270.7,0.0,4360.94,4360.94,2180.47,2180.47,3270.7,2180.47,5451.17,4360.94,3270.7,2180.47,3270.7,5451.17,4360.94,5451.17,2180.47,1090.23,3270.7,2180.47,4360.94,2180.47,4360.94,4360.94,3270.7,3270.7,2180.47,2180.47,Grouting of foundation to the pin-piles 18,321993.85
C2012-08_283,2013-09-15T06:00:00+00:00,16.0,38400.0,98000.0,57920.0,14480.0,6350.88,6541.41,4360.94,2180.47,2180.47,1090.23,3270.7,0.0,4360.94,4360.94,2180.47,2180.47,3270.7,2180.47,5451.17,4360.94,3270.7,2180.47,3270.7,5451.17,4360.94,5451.17,2180.47,1090.23,3270.7,2180.47,4360.94,2180.47,4360.94,4360.94,3270.7,3270.7,2180.47,2180.47,Grouting of foundation to the pin-piles 19,321993.85
C2012-08_284,2013-09-24T06:00:00+00:00,16.0,38400.0,98000.0,57920.0,14480.0,6350.88,6541.41,4360.94,2180.47,2180.47,1090.23,3270.7,0.0,4360.94,4360.94,2180.47,2180.47,3270.7,2180.47,5451.17,4360.94,3270.7,2180.47,3270.7,5451.17,4360.94,5451.17,2180.47,1090.23,3270.7,2180.47,4360.94,2180.47,4360.94,4360.94,3270.7,3270.7,2180.47,2180.47,Grouting of foundation to the pin-piles 20,321993.85
C2012-08_285,2013-10-03T06:00:00+00:00,16.0,38400.0,98000.0,57920.0,14480.0,6350.88,6541.41,4360.94,2180.47,2180.47,1090.23,3270.7,0.0,4360.94,4360.94,2180.47,2180.47,3270.7,2180.47,5451.17,4360.94,3270.7,2180.47,3270.7,5451.17,4360.94,5451.17,2180.47,1090.23,3270.7,2180.47,4360.94,2180.47,4360.94,4360.94,3270.7,3270.7,2180.47,2180.47,Grouting of foundation to the pin-piles 21,321993.85
C2012-08_286,2013-10-12T06:00:00+00:00,16.0,38400.0,98000.0,57920.0,14480.0,6350.88,6541.41,4360.94,2180.47,2180.47,1090.23,3270.7,0.0,4360.94,4360.94,2180.47,2180.47,3270.7,2180.47,5451.17,4360.94,3270.7,2180.47,3270.7,5451.17,4360.94,5451.17,2180.47,1090.23,3270.7,2180.47,4360.94,2180.47,4360.94,4360.94,3270.7,3270.7,2180.47,2180.47,Grouting of foundation to the pin-piles 22,321993.85
C2012-08_287,2013-10-21T06:00:00+00:00,16.0,38400.0,98000.0,57920.0,14480.0,6350.88,6541.41,4360.94,2180.47,2180.47,1090.23,3270.7,0.0,4360.94,4360.94,2180.47,2180.47,3270.7,2180.47,5451.17,4360.94,3270.7,2180.47,3270.7,5451.17,4360.94,5451.17,2180.47,1090.23,3270.7,2180.47,4360.94,2180.47,4360.94,4360.94,3270.7,3270.7,2180.47,2180.47,Grouting of foundation to the pin-piles 23,321993.85
C2012-08_288,2013-10-30T06:00:00+00:00,16.0,38400.0,98000.0,57920.0,14480.0,6350.88,6541.41,4360.94,2180.47,2180.47,1090.23,3270.7,0.0,4360.94,4360.94,2180.47,2180.47,3270.7,2180.47,5451.17,4360.94,3270.7,2180.47,3270.7,5451.17,4360.94,5451.17,2180.47,1090.23,3270.7,2180.47,4360.94,2180.47,4360.94,4360.94,3270.7,3270.7,2180.47,2180.47,Grouting of foundation to the pin-piles 24,321993.85
C2012-08_46,2013-05-12T06:00:00+00:00,3840.0,0.0,14400000.0,0.0,0.0,440640.0,453859.2,302572.8,151286.4,151286.4,75643.2,226929.6,0.0,302572.8,302572.8,151286.4,151286.4,226929.6,151286.4,378216.0,302572.8,226929.6,151286.4,226929.6,378216.0,302572.8,378216.0,151286.4,75643.2,226929.6,151286.4,302572.8,151286.4,302572.8,302572.8,226929.6,226929.6,151286.4,151286.4,Towers by AMAU-Cuxhaven Germany,22253673.6
C2012-08_47,2013-02-04T18:00:00+00:00,3840.0,0.0,8640000.0,0.0,0.0,264384.0,272315.52,181543.68,90771.84,90771.84,45385.92,136157.76,0.0,181543.68,181543.68,90771.84,90771.84,136157.76,90771.84,226929.6,181543.68,136157.76,90771.84,136157.76,226929.6,181543.68,226929.6,90771.84,45385.92,136157.76,90771.84,181543.68,90771.84,181543.68,181543.68,136157.76,136157.76,90771.84,90771.84,Blades by LM Denmark,13352204.16
C2012-08_48,2013-03-16T07:00:00+00:00,3840.0,0.0,12096000.0,0.0,0.0,370137.6,381241.73,254161.15,127080.58,127080.58,63540.29,190620.86,0.0,254161.15,254161.15,127080.58,127080.58,190620.86,127080.58,317701.44,254161.15,190620.86,127080.58,190620.86,317701.44,254161.15,317701.44,127080.58,63540.29,190620.86,127080.58,254161.15,127080.58,254161.15,254161.15,190620.86,190620.86,127080.58,127080.58,Generators by VEM Germany,18693085.83
C2012-08_49,2013-03-16T07:00:00+00:00,3840.0,0.0,22464000.0,0.0,0.0,687398.4,708020.35,472013.57,236006.78,236006.78,118003.39,354010.18,0.0,472013.57,472013.57,236006.78,236006.78,354010.18,236006.78,590016.96,472013.57,354010.18,236006.78,354010.18,590016.96,472013.57,590016.96,236006.78,118003.39,354010.18,236006.78,472013.57,236006.78,472013.57,472013.57,354010.18,354010.18,236006.78,236006.78,Gearboxes by WINERGY-Vörde Germany and Hansen Belgium,34715730.81
C2012-08_53,2013-11-28T06:00:00+00:00,768.0,0.0,624000.0,0.0,0.0,19094.4,19667.23,13111.49,6555.74,6555.74,3277.87,9833.62,0.0,13111.49,13111.49,6555.74,6555.74,9833.62,6555.74,16389.36,13111.49,9833.62,6555.74,9833.62,16389.36,13111.49,16389.36,6555.74,3277.87,9833.62,6555.74,13111.49,6555.74,13111.49,13111.49,9833.62,9833.62,6555.74,6555.74,Towers Germany-Ostend,964325.85
C2012-08_52,2013-08-23T18:00:00+00:00,629.0,0.0,624000.0,0.0,0.0,19094.4,19667.23,13111.49,6555.74,6555.74,3277.87,9833.62,0.0,13111.49,13111.49,6555.74,6555.74,9833.62,6555.74,16389.36,13111.49,9833.62,6555.74,9833.62,16389.36,13111.49,16389.36,6555.74,3277.87,9833.62,6555.74,13111.49,6555.74,13111.49,13111.49,9833.62,9833.62,6555.74,6555.74,Blades Denmark-Ostend,964325.85
C2012-08_51,2013-10-02T07:00:00+00:00,768.0,0.0,1027000.0,0.0,0.0,31426.2,32368.99,21579.32,10789.66,10789.66,5394.83,16184.49,0.0,21579.32,21579.32,10789.66,10789.66,16184.49,10789.66,26974.15,21579.32,16184.49,10789.66,16184.49,26974.15,21579.32,26974.15,10789.66,5394.83,16184.49,10789.66,21579.32,10789.66,21579.32,21579.32,16184.49,16184.49,10789.66,10789.66,Generators Germany-Ostend,1587119.55
C2012-08_50,2013-10-02T07:00:00+00:00,768.0,0.0,1027000.0,0.0,0.0,31426.2,32368.99,21579.32,10789.66,10789.66,5394.83,16184.49,0.0,21579.32,21579.32,10789.66,10789.66,16184.49,10789.66,26974.15,21579.32,16184.49,10789.66,16184.49,26974.15,21579.32,26974.15,10789.66,5394.83,16184.49,10789.66,21579.32,10789.66,21579.32,21579.32,16184.49,16184.49,10789.66,10789.66,Gearboxes Germany-Ostend/Antwerp-Ostend,1587119.55
C2012-08_56,2013-03-18T06:00:00+00:00,480.0,1075200.0,0.0,288000.0,72000.0,43488.0,44792.64,29861.76,14930.88,14930.88,7465.44,22396.32,0.0,29861.76,29861.76,14930.88,14930.88,22396.32,14930.88,37327.2,29861.76,22396.32,14930.88,22396.32,37327.2,29861.76,37327.2,14930.88,7465.44,22396.32,14930.88,29861.76,14930.88,29861.76,29861.76,22396.32,22396.32,14930.88,14930.88,Preparation of the onshore site,2210301.12
C2012-08_57,2013-11-19T07:00:00+00:00,768.0,906240.0,0.0,153600.0,38400.0,33177.6,34172.93,22781.95,11390.98,11390.98,5695.49,17086.46,0.0,22781.95,22781.95,11390.98,11390.98,17086.46,11390.98,28477.44,22781.95,17086.46,11390.98,17086.46,28477.44,22781.95,28477.44,11390.98,5695.49,17086.46,11390.98,22781.95,11390.98,22781.95,22781.95,17086.46,17086.46,11390.98,11390.98,Assembly of gearbox and generator,1689575.43
C2012-08_58,2013-10-02T07:00:00+00:00,768.0,998400.0,0.0,153600.0,38400.0,35942.4,37020.67,24680.45,12340.22,12340.22,6170.11,18510.34,0.0,24680.45,24680.45,12340.22,12340.22,18510.34,12340.22,30850.56,24680.45,18510.34,12340.22,18510.34,30850.56,24680.45,30850.56,12340.22,6170.11,18510.34,12340.22,24680.45,12340.22,24680.45,24680.45,18510.34,18510.34,12340.22,12340.22,Assembly of blades,1831013.37
C2012-08_502,2013-12-18T06:00:00+00:00,48.0,97920.0,634800.0,342240.0,85560.0,35328.96,36388.83,24259.22,12129.61,12129.61,6064.81,18194.41,0.0,24259.22,24259.22,12129.61,12129.61,18194.41,12129.61,30324.02,24259.22,18194.41,12129.61,18194.41,30324.02,24259.22,30324.02,12129.61,6064.81,18194.41,12129.61,24259.22,12129.61,24259.22,24259.22,18194.41,18194.41,12129.61,12129.61,Loading jack up transport and installation platform 1,1790199.81
C2012-08_503,2014-01-06T07:00:00+00:00,48.0,97920.0,0.0,342240.0,85560.0,16284.96,16773.51,11182.34,5591.17,5591.17,2795.59,8386.75,0.0,11182.34,11182.34,5591.17,5591.17,8386.75,5591.17,13977.92,11182.34,8386.75,5591.17,8386.75,13977.92,11182.34,13977.92,5591.17,2795.59,8386.75,5591.17,11182.34,5591.17,11182.34,11182.34,8386.75,8386.75,5591.17,5591.17,Loading jack up transport and installation platform 2,815972.25
C2012-08_504,2014-01-10T07:00:00+00:00,48.0,97920.0,0.0,342240.0,85560.0,16284.96,16773.51,11182.34,5591.17,5591.17,2795.59,8386.75,0.0,11182.34,11182.34,5591.17,5591.17,8386.75,5591.17,13977.92,11182.34,8386.75,5591.17,8386.75,13977.92,11182.34,13977.92,5591.17,2795.59,8386.75,5591.17,11182.34,5591.17,11182.34,11182.34,8386.75,8386.75,5591.17,5591.17,Loading jack up transport and installation platform 3,815972.25
C2012-08_505,2014-01-14T07:00:00+00:00,48.0,97920.0,0.0,342240.0,85560.0,16284.96,16773.51,11182.34,5591.17,5591.17,2795.59,8386.75,0.0,11182.34,11182.34,5591.17,5591.17,8386.75,5591.17,13977.92,11182.34,8386.75,5591.17,8386.75,13977.92,11182.34,13977.92,5591.17,2795.59,8386.75,5591.17,11182.34,5591.17,11182.34,11182.34,8386.75,8386.75,5591.17,5591.17,Loading jack up transport and installation platform 4,815972.25
C2012-08_506,2014-01-18T07:00:00+00:00,48.0,97920.0,0.0,342240.0,85560.0,16284.96,16773.51,11182.34,5591.17,5591.17,2795.59,8386.75,0.0,11182.34,11182.34,5591.17,5591.17,8386.75,5591.17,13977.92,11182.34,8386.75,5591.17,8386.75,13977.92,11182.34,13977.92,5591.17,2795.59,8386.75,5591.17,11182.34,5591.17,11182.34,11182.34,8386.75,8386.75,5591.17,5591.17,Loading jack up transport and installation platform 5,815972.25
C2012-08_507,2014-01-22T07:00:00+00:00,48.0,97920.0,0.0,342240.0,85560.0,16284.96,16773.51,11182.34,5591.17,5591.17,2795.59,8386.75,0.0,11182.34,11182.34,5591.17,5591.17,8386.75,5591.17,13977.92,11182.34,8386.75,5591.17,8386.75,13977.92,11182.34,13977.92,5591.17,2795.59,8386.75,5591.17,11182.34,5591.17,11182.34,11182.34,8386.75,8386.75,5591.17,5591.17,Loading jack up transport and installation platform 6,815972.25
C2012-08_508,2014-01-26T07:00:00+00:00,48.0,97920.0,0.0,342240.0,85560.0,16284.96,16773.51,11182.34,5591.17,5591.17,2795.59,8386.75,0.0,11182.34,11182.34,5591.17,5591.17,8386.75,5591.17,13977.92,11182.34,8386.75,5591.17,8386.75,13977.92,11182.34,13977.92,5591.17,2795.59,8386.75,5591.17,11182.34,5591.17,11182.34,11182.34,8386.75,8386.75,5591.17,5591.17,Loading jack up transport and installation platform 7,815972.25
C2012-08_509,2014-01-30T07:00:00+00:00,48.0,97920.0,0.0,342240.0,85560.0,16284.96,16773.51,11182.34,5591.17,5591.17,2795.59,8386.75,0.0,11182.34,11182.34,5591.17,5591.17,8386.75,5591.17,13977.92,11182.34,8386.75,5591.17,8386.75,13977.92,11182.34,13977.92,5591.17,2795.59,8386.75,5591.17,11182.34,5591.17,11182.34,11182.34,8386.75,8386.75,5591.17,5591.17,Loading jack up transport and installation platform 8,815972.25
C2012-08_510,2014-02-03T07:00:00+00:00,48.0,97920.0,0.0,342240.0,85560.0,16284.96,16773.51,11182.34,5591.17,5591.17,2795.59,8386.75,0.0,11182.34,11182.34,5591.17,5591.17,8386.75,5591.17,13977.92,11182.34,8386.75,5591.17,8386.75,13977.92,11182.34,13977.92,5591.17,2795.59,8386.75,5591.17,11182.34,5591.17,11182.34,11182.34,8386.75,8386.75,5591.17,5591.17,Loading jack up transport and installation platform 9,815972.25
C2012-08_511,2014-02-07T07:00:00+00:00,48.0,97920.0,0.0,342240.0,85560.0,16284.96,16773.51,11182.34,5591.17,5591.17,2795.59,8386.75,0.0,11182.34,11182.34,5591.17,5591.17,8386.75,5591.17,13977.92,11182.34,8386.75,5591.17,8386.75,13977.92,11182.34,13977.92,5591.17,2795.59,8386.75,5591.17,11182.34,5591.17,11182.34,11182.34,8386.75,8386.75,5591.17,5591.17,Loading jack up transport and installation platform 10,815972.25
C2012-08_512,2014-02-11T07:00:00+00:00,48.0,97920.0,0.0,342240.0,85560.0,16284.96,16773.51,11182.34,5591.17,5591.17,2795.59,8386.75,0.0,11182.34,11182.34,5591.17,5591.17,8386.75,5591.17,13977.92,11182.34,8386.75,5591.17,8386.75,13977.92,11182.34,13977.92,5591.17,2795.59,8386.75,5591.17,11182.34,5591.17,11182.34,11182.34,8386.75,8386.75,5591.17,5591.17,Loading jack up transport and installation platform 11,815972.25
C2012-08_513,2014-02-15T07:00:00+00:00,48.0,97920.0,0.0,342240.0,85560.0,16284.96,16773.51,11182.34,5591.17,5591.17,2795.59,8386.75,0.0,11182.34,11182.34,5591.17,5591.17,8386.75,5591.17,13977.92,11182.34,8386.75,5591.17,8386.75,13977.92,11182.34,13977.92,5591.17,2795.59,8386.75,5591.17,11182.34,5591.17,11182.34,11182.34,8386.75,8386.75,5591.17,5591.17,Loading jack up transport and installation platform 12,815972.25
C2012-08_514,2014-02-19T07:00:00+00:00,48.0,97920.0,0.0,342240.0,85560.0,16284.96,16773.51,11182.34,5591.17,5591.17,2795.59,8386.75,0.0,11182.34,11182.34,5591.17,5591.17,8386.75,5591.17,13977.92,11182.34,8386.75,5591.17,8386.75,13977.92,11182.34,13977.92,5591.17,2795.59,8386.75,5591.17,11182.34,5591.17,11182.34,11182.34,8386.75,8386.75,5591.17,5591.17,Loading jack up transport and installation platform 13,815972.25
C2012-08_515,2014-02-23T07:00:00+00:00,48.0,97920.0,0.0,342240.0,85560.0,16284.96,16773.51,11182.34,5591.17,5591.17,2795.59,8386.75,0.0,11182.34,11182.34,5591.17,5591.17,8386.75,5591.17,13977.92,11182.34,8386.75,5591.17,8386.75,13977.92,11182.34,13977.92,5591.17,2795.59,8386.75,5591.17,11182.34,5591.17,11182.34,11182.34,8386.75,8386.75,5591.17,5591.17,Loading jack up transport and installation platform 14,815972.25
C2012-08_516,2014-02-27T07:00:00+00:00,48.0,97920.0,0.0,342240.0,85560.0,16284.96,16773.51,11182.34,5591.17,5591.17,2795.59,8386.75,0.0,11182.34,11182.34,5591.17,5591.17,8386.75,5591.17,13977.92,11182.34,8386.75,5591.17,8386.75,13977.92,11182.34,13977.92,5591.17,2795.59,8386.75,5591.17,11182.34,5591.17,11182.34,11182.34,8386.75,8386.75,5591.17,5591.17,Loading jack up transport and installation platform 15,815972.25
C2012-08_517,2014-03-03T07:00:00+00:00,48.0,97920.0,0.0,342240.0,85560.0,16284.96,16773.51,11182.34,5591.17,5591.17,2795.59,8386.75,0.0,11182.34,11182.34,5591.17,5591.17,8386.75,5591.17,13977.92,11182.34,8386.75,5591.17,8386.75,13977.92,11182.34,13977.92,5591.17,2795.59,8386.75,5591.17,11182.34,5591.17,11182.34,11182.34,8386.75,8386.75,5591.17,5591.17,Loading jack up transport and installation platform 16,815972.25
C2012-08_518,2014-03-07T07:00:00+00:00,48.0,97920.0,0.0,342240.0,85560.0,16284.96,16773.51,11182.34,5591.17,5591.17,2795.59,8386.75,0.0,11182.34,11182.34,5591.17,5591.17,8386.75,5591.17,13977.92,11182.34,8386.75,5591.17,8386.75,13977.92,11182.34,13977.92,5591.17,2795.59,8386.75,5591.17,11182.34,5591.17,11182.34,11182.34,8386.75,8386.75,5591.17,5591.17,Loading jack up transport and installation platform 17,815972.25
C2012-08_519,2014-03-11T07:00:00+00:00,48.0,97920.0,0.0,342240.0,85560.0,16284.96,16773.51,11182.34,5591.17,5591.17,2795.59,8386.75,0.0,11182.34,11182.34,5591.17,5591.17,8386.75,5591.17,13977.92,11182.34,8386.75,5591.17,8386.75,13977.92,11182.34,13977.92,5591.17,2795.59,8386.75,5591.17,11182.34,5591.17,11182.34,11182.34,8386.75,8386.75,5591.17,5591.17,Loading jack up transport and installation platform 18,815972.25
C2012-08_520,2014-03-15T07:00:00+00:00,48.0,97920.0,0.0,342240.0,85560.0,16284.96,16773.51,11182.34,5591.17,5591.17,2795.59,8386.75,0.0,11182.34,11182.34,5591.17,5591.17,8386.75,5591.17,13977.92,11182.34,8386.75,5591.17,8386.75,13977.92,11182.34,13977.92,5591.17,2795.59,8386.75,5591.17,11182.34,5591.17,11182.34,11182.34,8386.75,8386.75,5591.17,5591.17,Loading jack up transport and installation platform 19,815972.25
C2012-08_521,2014-03-19T07:00:00+00:00,48.0,97920.0,0.0,342240.0,85560.0,16284.96,16773.51,11182.34,5591.17,5591.17,2795.59,8386.75,0.0,11182.34,11182.34,5591.17,5591.17,8386.75,5591.17,13977.92,11182.34,8386.75,5591.17,8386.75,13977.92,11182.34,13977.92,5591.17,2795.59,8386.75,5591.17,11182.34,5591.17,11182.34,11182.34,8386.75,8386.75,5591.17,5591.17,Loading jack up transport and installation platform 20,815972.25
C2012-08_522,2014-03-23T07:00:00+00:00,48.0,97920.0,0.0,342240.0,85560.0,16284.96,16773.51,11182.34,5591.17,5591.17,2795.59,8386.75,0.0,11182.34,11182.34,5591.17,5591.17,8386.75,5591.17,13977.92,11182.34,8386.75,5591.17,8386.75,13977.92,11182.34,13977.92,5591.17,2795.59,8386.75,5591.17,11182.34,5591.17,11182.34,11182.34,8386.75,8386.75,5591.17,5591.17,Loading jack up transport and installation platform 21,815972.25
C2012-08_523,2014-03-27T07:00:00+00:00,48.0,97920.0,0.0,342240.0,85560.0,16284.96,16773.51,11182.34,5591.17,5591.17,2795.59,8386.75,0.0,11182.34,11182.34,5591.17,5591.17,8386.75,5591.17,13977.92,11182.34,8386.75,5591.17,8386.75,13977.92,11182.34,13977.92,5591.17,2795.59,8386.75,5591.17,11182.34,5591.17,11182.34,11182.34,8386.75,8386.75,5591.17,5591.17,Loading jack up transport and installation platform 22,815972.25
C2012-08_524,2014-03-31T07:00:00+00:00,48.0,97920.0,0.0,342240.0,85560.0,16284.96,16773.51,11182.34,5591.17,5591.17,2795.59,8386.75,0.0,11182.34,11182.34,5591.17,5591.17,8386.75,5591.17,13977.92,11182.34,8386.75,5591.17,8386.75,13977.92,11182.34,13977.92,5591.17,2795.59,8386.75,5591.17,11182.34,5591.17,11182.34,11182.34,8386.75,8386.75,5591.17,5591.17,Loading jack up transport and installation platform 23,815972.25
C2012-08_525,2014-04-04T07:00:00+00:00,48.0,97920.0,0.0,342240.0,85560.0,16284.96,16773.51,11182.34,5591.17,5591.17,2795.59,8386.75,0.0,11182.34,11182.34,5591.17,5591.17,8386.75,5591.17,13977.92,11182.34,8386.75,5591.17,8386.75,13977.92,11182.34,13977.92,5591.17,2795.59,8386.75,5591.17,11182.34,5591.17,11182.34,11182.34,8386.75,8386.75,5591.17,5591.17,Loading jack up transport and installation platform 24,815972.25
C2012-08_478,2013-12-21T06:00:00+00:00,16.0,32640.0,211584.0,110880.0,27720.0,11651.04,12000.57,8000.38,4000.19,4000.19,2000.1,6000.29,0.0,8000.38,8000.38,4000.19,4000.19,6000.29,4000.19,10000.48,8000.38,6000.29,4000.19,6000.29,10000.48,8000.38,10000.48,4000.19,2000.1,6000.29,4000.19,8000.38,4000.19,8000.38,8000.38,6000.29,6000.29,4000.19,4000.19,Offshore assembly of wind turbines 1,590484.41
C2012-08_479,2014-01-09T07:00:00+00:00,16.0,32640.0,0.0,110880.0,27720.0,5303.52,5462.63,3641.75,1820.88,1820.88,910.44,2731.31,0.0,3641.75,3641.75,1820.88,1820.88,2731.31,1820.88,4552.19,3641.75,2731.31,1820.88,2731.31,4552.19,3641.75,4552.19,1820.88,910.44,2731.31,1820.88,3641.75,1820.88,3641.75,3641.75,2731.31,2731.31,1820.88,1820.88,Offshore assembly of wind turbines 2,265766.45
C2012-08_480,2014-01-13T07:00:00+00:00,16.0,32640.0,0.0,110880.0,27720.0,5303.52,5462.63,3641.75,1820.88,1820.88,910.44,2731.31,0.0,3641.75,3641.75,1820.88,1820.88,2731.31,1820.88,4552.19,3641.75,2731.31,1820.88,2731.31,4552.19,3641.75,4552.19,1820.88,910.44,2731.31,1820.88,3641.75,1820.88,3641.75,3641.75,2731.31,2731.31,1820.88,1820.88,Offshore assembly of wind turbines 3,265766.45
C2012-08_481,2014-01-17T07:00:00+00:00,16.0,32640.0,0.0,110880.0,27720.0,5303.52,5462.63,3641.75,1820.88,1820.88,910.44,2731.31,0.0,3641.75,3641.75,1820.88,1820.88,2731.31,1820.88,4552.19,3641.75,2731.31,1820.88,2731.31,4552.19,3641.75,4552.19,1820.88,910.44,2731.31,1820.88,3641.75,1820.88,3641.75,3641.75,2731.31,2731.31,1820.88,1820.88,Offshore assembly of wind turbines 4,265766.45
C2012-08_482,2014-01-21T07:00:00+00:00,16.0,32640.0,0.0,110880.0,27720.0,5303.52,5462.63,3641.75,1820.88,1820.88,910.44,2731.31,0.0,3641.75,3641.75,1820.88,1820.88,2731.31,1820.88,4552.19,3641.75,2731.31,1820.88,2731.31,4552.19,3641.75,4552.19,1820.88,910.44,2731.31,1820.88,3641.75,1820.88,3641.75,3641.75,2731.31,2731.31,1820.88,1820.88,Offshore assembly of wind turbines 5,265766.45
C2012-08_483,2014-01-25T07:00:00+00:00,16.0,32640.0,0.0,110880.0,27720.0,5303.52,5462.63,3641.75,1820.88,1820.88,910.44,2731.31,0.0,3641.75,3641.75,1820.88,1820.88,2731.31,1820.88,4552.19,3641.75,2731.31,1820.88,2731.31,4552.19,3641.75,4552.19,1820.88,910.44,2731.31,1820.88,3641.75,1820.88,3641.75,3641.75,2731.31,2731.31,1820.88,1820.88,Offshore assembly of wind turbines 6,265766.45
C2012-08_484,2014-01-29T07:00:00+00:00,16.0,32640.0,0.0,110880.0,27720.0,5303.52,5462.63,3641.75,1820.88,1820.88,910.44,2731.31,0.0,3641.75,3641.75,1820.88,1820.88,2731.31,1820.88,4552.19,3641.75,2731.31,1820.88,2731.31,4552.19,3641.75,4552.19,1820.88,910.44,2731.31,1820.88,3641.75,1820.88,3641.75,3641.75,2731.31,2731.31,1820.88,1820.88,Offshore assembly of wind turbines 7,265766.45
C2012-08_485,2014-02-02T07:00:00+00:00,16.0,32640.0,0.0,110880.0,27720.0,5303.52,5462.63,3641.75,1820.88,1820.88,910.44,2731.31,0.0,3641.75,3641.75,1820.88,1820.88,2731.31,1820.88,4552.19,3641.75,2731.31,1820.88,2731.31,4552.19,3641.75,4552.19,1820.88,910.44,2731.31,1820.88,3641.75,1820.88,3641.75,3641.75,2731.31,2731.31,1820.88,1820.88,Offshore assembly of wind turbines 8,265766.45
C2012-08_486,2014-02-06T07:00:00+00:00,16.0,32640.0,0.0,110880.0,27720.0,5303.52,5462.63,3641.75,1820.88,1820.88,910.44,2731.31,0.0,3641.75,3641.75,1820.88,1820.88,2731.31,1820.88,4552.19,3641.75,2731.31,1820.88,2731.31,4552.19,3641.75,4552.19,1820.88,910.44,2731.31,1820.88,3641.75,1820.88,3641.75,3641.75,2731.31,2731.31,1820.88,1820.88,Offshore assembly of wind turbines 9,265766.45
C2012-08_487,2014-02-10T07:00:00+00:00,16.0,32640.0,0.0,110880.0,27720.0,5303.52,5462.63,3641.75,1820.88,1820.88,910.44,2731.31,0.0,3641.75,3641.75,1820.88,1820.88,2731.31,1820.88,4552.19,3641.75,2731.31,1820.88,2731.31,4552.19,3641.75,4552.19,1820.88,910.44,2731.31,1820.88,3641.75,1820.88,3641.75,3641.75,2731.31,2731.31,1820.88,1820.88,Offshore assembly of wind turbines 10,265766.45
C2012-08_488,2014-02-14T07:00:00+00:00,16.0,32640.0,0.0,110880.0,27720.0,5303.52,5462.63,3641.75,1820.88,1820.88,910.44,2731.31,0.0,3641.75,3641.75,1820.88,1820.88,2731.31,1820.88,4552.19,3641.75,2731.31,1820.88,2731.31,4552.19,3641.75,4552.19,1820.88,910.44,2731.31,1820.88,3641.75,1820.88,3641.75,3641.75,2731.31,2731.31,1820.88,1820.88,Offshore assembly of wind turbines 11,265766.45
C2012-08_489,2014-02-18T07:00:00+00:00,16.0,32640.0,0.0,110880.0,27720.0,5303.52,5462.63,3641.75,1820.88,1820.88,910.44,2731.31,0.0,3641.75,3641.75,1820.88,1820.88,2731.31,1820.88,4552.19,3641.75,2731.31,1820.88,2731.31,4552.19,3641.75,4552.19,1820.88,910.44,2731.31,1820.88,3641.75,1820.88,3641.75,3641.75,2731.31,2731.31,1820.88,1820.88,Offshore assembly of wind turbines 12,265766.45
C2012-08_490,2014-02-22T07:00:00+00:00,16.0,32640.0,0.0,110880.0,27720.0,5303.52,5462.63,3641.75,1820.88,1820.88,910.44,2731.31,0.0,3641.75,3641.75,1820.88,1820.88,2731.31,1820.88,4552.19,3641.75,2731.31,1820.88,2731.31,4552.19,3641.75,4552.19,1820.88,910.44,2731.31,1820.88,3641.75,1820.88,3641.75,3641.75,2731.31,2731.31,1820.88,1820.88,Offshore assembly of wind turbines 13,265766.45
C2012-08_491,2014-02-26T07:00:00+00:00,16.0,32640.0,0.0,110880.0,27720.0,5303.52,5462.63,3641.75,1820.88,1820.88,910.44,2731.31,0.0,3641.75,3641.75,1820.88,1820.88,2731.31,1820.88,4552.19,3641.75,2731.31,1820.88,2731.31,4552.19,3641.75,4552.19,1820.88,910.44,2731.31,1820.88,3641.75,1820.88,3641.75,3641.75,2731.31,2731.31,1820.88,1820.88,Offshore assembly of wind turbines 14,265766.45
C2012-08_492,2014-03-02T07:00:00+00:00,16.0,32640.0,0.0,110880.0,27720.0,5303.52,5462.63,3641.75,1820.88,1820.88,910.44,2731.31,0.0,3641.75,3641.75,1820.88,1820.88,2731.31,1820.88,4552.19,3641.75,2731.31,1820.88,2731.31,4552.19,3641.75,4552.19,1820.88,910.44,2731.31,1820.88,3641.75,1820.88,3641.75,3641.75,2731.31,2731.31,1820.88,1820.88,Offshore assembly of wind turbines 15,265766.45
C2012-08_493,2014-03-06T07:00:00+00:00,16.0,32640.0,0.0,110880.0,27720.0,5303.52,5462.63,3641.75,1820.88,1820.88,910.44,2731.31,0.0,3641.75,3641.75,1820.88,1820.88,2731.31,1820.88,4552.19,3641.75,2731.31,1820.88,2731.31,4552.19,3641.75,4552.19,1820.88,910.44,2731.31,1820.88,3641.75,1820.88,3641.75,3641.75,2731.31,2731.31,1820.88,1820.88,Offshore assembly of wind turbines 16,265766.45
C2012-08_494,2014-03-10T07:00:00+00:00,16.0,32640.0,0.0,110880.0,27720.0,5303.52,5462.63,3641.75,1820.88,1820.88,910.44,2731.31,0.0,3641.75,3641.75,1820.88,1820.88,2731.31,1820.88,4552.19,3641.75,2731.31,1820.88,2731.31,4552.19,3641.75,4552.19,1820.88,910.44,2731.31,1820.88,3641.75,1820.88,3641.75,3641.75,2731.31,2731.31,1820.88,1820.88,Offshore assembly of wind turbines 17,265766.45
C2012-08_495,2014-03-14T07:00:00+00:00,16.0,32640.0,0.0,110880.0,27720.0,5303.52,5462.63,3641.75,1820.88,1820.88,910.44,2731.31,0.0,3641.75,3641.75,1820.88,1820.88,2731.31,1820.88,4552.19,3641.75,2731.31,1820.88,2731.31,4552.19,3641.75,4552.19,1820.88,910.44,2731.31,1820.88,3641.75,1820.88,3641.75,3641.75,2731.31,2731.31,1820.88,1820.88,Offshore assembly of wind turbines 18,265766.45
C2012-08_496,2014-03-18T07:00:00+00:00,16.0,32640.0,0.0,110880.0,27720.0,5303.52,5462.63,3641.75,1820.88,1820.88,910.44,2731.31,0.0,3641.75,3641.75,1820.88,1820.88,2731.31,1820.88,4552.19,3641.75,2731.31,1820.88,2731.31,4552.19,3641.75,4552.19,1820.88,910.44,2731.31,1820.88,3641.75,1820.88,3641.75,3641.75,2731.31,2731.31,1820.88,1820.88,Offshore assembly of wind turbines 19,265766.45
C2012-08_497,2014-03-22T07:00:00+00:00,16.0,32640.0,0.0,110880.0,27720.0,5303.52,5462.63,3641.75,1820.88,1820.88,910.44,2731.31,0.0,3641.75,3641.75,1820.88,1820.88,2731.31,1820.88,4552.19,3641.75,2731.31,1820.88,2731.31,4552.19,3641.75,4552.19,1820.88,910.44,2731.31,1820.88,3641.75,1820.88,3641.75,3641.75,2731.31,2731.31,1820.88,1820.88,Offshore assembly of wind turbines 20,265766.45
C2012-08_498,2014-03-26T07:00:00+00:00,16.0,32640.0,0.0,110880.0,27720.0,5303.52,5462.63,3641.75,1820.88,1820.88,910.44,2731.31,0.0,3641.75,3641.75,1820.88,1820.88,2731.31,1820.88,4552.19,3641.75,2731.31,1820.88,2731.31,4552.19,3641.75,4552.19,1820.88,910.44,2731.31,1820.88,3641.75,1820.88,3641.75,3641.75,2731.31,2731.31,1820.88,1820.88,Offshore assembly of wind turbines 21,265766.45
C2012-08_499,2014-03-30T07:00:00+00:00,16.0,32640.0,0.0,110880.0,27720.0,5303.52,5462.63,3641.75,1820.88,1820.88,910.44,2731.31,0.0,3641.75,3641.75,1820.88,1820.88,2731.31,1820.88,4552.19,3641.75,2731.31,1820.88,2731.31,4552.19,3641.75,4552.19,1820.88,910.44,2731.31,1820.88,3641.75,1820.88,3641.75,3641.75,2731.31,2731.31,1820.88,1820.88,Offshore assembly of wind turbines 22,265766.45
C2012-08_500,2014-04-03T07:00:00+00:00,16.0,32640.0,0.0,110880.0,27720.0,5303.52,5462.63,3641.75,1820.88,1820.88,910.44,2731.31,0.0,3641.75,3641.75,1820.88,1820.88,2731.31,1820.88,4552.19,3641.75,2731.31,1820.88,2731.31,4552.19,3641.75,4552.19,1820.88,910.44,2731.31,1820.88,3641.75,1820.88,3641.75,3641.75,2731.31,2731.31,1820.88,1820.88,Offshore assembly of wind turbines 23,265766.45
C2012-08_501,2014-04-07T07:00:00+00:00,16.0,32640.0,0.0,110880.0,27720.0,5303.52,5462.63,3641.75,1820.88,1820.88,910.44,2731.31,0.0,3641.75,3641.75,1820.88,1820.88,2731.31,1820.88,4552.19,3641.75,2731.31,1820.88,2731.31,4552.19,3641.75,4552.19,1820.88,910.44,2731.31,1820.88,3641.75,1820.88,3641.75,3641.75,2731.31,2731.31,1820.88,1820.88,Offshore assembly of wind turbines 24,265766.45
C2012-08_454,2014-01-08T06:00:00+00:00,48.0,38400.0,0.0,0.0,0.0,1175.04,1210.29,806.86,403.43,403.43,201.72,605.15,0.0,806.86,806.86,403.43,403.43,605.15,403.43,1008.58,806.86,605.15,403.43,605.15,1008.58,806.86,1008.58,403.43,201.72,605.15,403.43,806.86,403.43,806.86,806.86,605.15,605.15,403.43,403.43,Terminations of infield cables 1,59343.17
C2012-08_455,2014-01-12T07:00:00+00:00,48.0,38400.0,0.0,0.0,0.0,1175.04,1210.29,806.86,403.43,403.43,201.72,605.15,0.0,806.86,806.86,403.43,403.43,605.15,403.43,1008.58,806.86,605.15,403.43,605.15,1008.58,806.86,1008.58,403.43,201.72,605.15,403.43,806.86,403.43,806.86,806.86,605.15,605.15,403.43,403.43,Terminations of infield cables 2,59343.17
C2012-08_456,2014-01-16T07:00:00+00:00,48.0,38400.0,0.0,0.0,0.0,1175.04,1210.29,806.86,403.43,403.43,201.72,605.15,0.0,806.86,806.86,403.43,403.43,605.15,403.43,1008.58,806.86,605.15,403.43,605.15,1008.58,806.86,1008.58,403.43,201.72,605.15,403.43,806.86,403.43,806.86,806.86,605.15,605.15,403.43,403.43,Terminations of infield cables 3,59343.17
C2012-08_457,2014-01-20T07:00:00+00:00,48.0,38400.0,0.0,0.0,0.0,1175.04,1210.29,806.86,403.43,403.43,201.72,605.15,0.0,806.86,806.86,403.43,403.43,605.15,403.43,1008.58,806.86,605.15,403.43,605.15,1008.58,806.86,1008.58,403.43,201.72,605.15,403.43,806.86,403.43,806.86,806.86,605.15,605.15,403.43,403.43,Terminations of infield cables 4,59343.17
C2012-08_458,2014-01-24T07:00:00+00:00,48.0,38400.0,0.0,0.0,0.0,1175.04,1210.29,806.86,403.43,403.43,201.72,605.15,0.0,806.86,806.86,403.43,403.43,605.15,403.43,1008.58,806.86,605.15,403.43,605.15,1008.58,806.86,1008.58,403.43,201.72,605.15,403.43,806.86,403.43,806.86,806.86,605.15,605.15,403.43,403.43,Terminations of infield cables 5,59343.17
C2012-08_459,2014-01-28T07:00:00+00:00,48.0,38400.0,0.0,0.0,0.0,1175.04,1210.29,806.86,403.43,403.43,201.72,605.15,0.0,806.86,806.86,403.43,403.43,605.15,403.43,1008.58,806.86,605.15,403.43,605.15,1008.58,806.86,1008.58,403.43,201.72,605.15,403.43,806.86,403.43,806.86,806.86,605.15,605.15,403.43,403.43,Terminations of infield cables 6,59343.17
C2012-08_460,2014-02-02T07:00:00+00:00,48.0,38400.0,0.0,0.0,0.0,1175.04,1210.29,806.86,403.43,403.43,201.72,605.15,0.0,806.86,806.86,403.43,403.43,605.15,403.43,1008.58,806.86,605.15,403.43,605.15,1008.58,806.86,1008.58,403.43,201.72,605.15,403.43,806.86,403.43,806.86,806.86,605.15,605.15,403.43,403.43,Terminations of infield cables 7,59343.17
C2012-08_461,2014-02-05T07:00:00+00:00,48.0,38400.0,0.0,0.0,0.0,1175.04,1210.29,806.86,403.43,403.43,201.72,605.15,0.0,806.86,806.86,403.43,403.43,605.15,403.43,1008.58,806.86,605.15,403.43,605.15,1008.58,806.86,1008.58,403.43,201.72,605.15,403.43,806.86,403.43,806.86,806.86,605.15,605.15,403.43,403.43,Terminations of infield cables 8,59343.17
C2012-08_462,2014-02-09T07:00:00+00:00,48.0,38400.0,0.0,0.0,0.0,1175.04,1210.29,806.86,403.43,403.43,201.72,605.15,0.0,806.86,806.86,403.43,403.43,605.15,403.43,1008.58,806.86,605.15,403.43,605.15,1008.58,806.86,1008.58,403.43,201.72,605.15,403.43,806.86,403.43,806.86,806.86,605.15,605.15,403.43,403.43,Terminations of infield cables 9,59343.17
C2012-08_463,2014-02-13T07:00:00+00:00,48.0,38400.0,0.0,0.0,0.0,1175.04,1210.29,806.86,403.43,403.43,201.72,605.15,0.0,806.86,806.86,403.43,403.43,605.15,403.43,1008.58,806.86,605.15,403.43,605.15,1008.58,806.86,1008.58,403.43,201.72,605.15,403.43,806.86,403.43,806.86,806.86,605.15,605.15,403.43,403.43,Terminations of infield cables 10,59343.17
C2012-08_464,2014-02-17T07:00:00+00:00,48.0,38400.0,0.0,0.0,0.0,1175.04,1210.29,806.86,403.43,403.43,201.72,605.15,0.0,806.86,806.86,403.43,403.43,605.15,403.43,1008.58,806.86,605.15,403.43,605.15,1008.58,806.86,1008.58,403.43,201.72,605.15,403.43,806.86,403.43,806.86,806.86,605.15,605.15,403.43,403.43,Terminations of infield cables 11,59343.17
C2012-08_465,2014-02-21T07:00:00+00:00,48.0,38400.0,0.0,0.0,0.0,1175.04,1210.29,806.86,403.43,403.43,201.72,605.15,0.0,806.86,806.86,403.43,403.43,605.15,403.43,1008.58,806.86,605.15,403.43,605.15,1008.58,806.86,1008.58,403.43,201.72,605.15,403.43,806.86,403.43,806.86,806.86,605.15,605.15,403.43,403.43,Terminations of infield cables 12,59343.17
C2012-08_466,2014-02-25T07:00:00+00:00,48.0,38400.0,0.0,0.0,0.0,1175.04,1210.29,806.86,403.43,403.43,201.72,605.15,0.0,806.86,806.86,403.43,403.43,605.15,403.43,1008.58,806.86,605.15,403.43,605.15,1008.58,806.86,1008.58,403.43,201.72,605.15,403.43,806.86,403.43,806.86,806.86,605.15,605.15,403.43,403.43,Terminations of infield cables 13,59343.17
C2012-08_467,2014-03-01T07:00:00+00:00,48.0,38400.0,0.0,0.0,0.0,1175.04,1210.29,806.86,403.43,403.43,201.72,605.15,0.0,806.86,806.86,403.43,403.43,605.15,403.43,1008.58,806.86,605.15,403.43,605.15,1008.58,806.86,1008.58,403.43,201.72,605.15,403.43,806.86,403.43,806.86,806.86,605.15,605.15,403.43,403.43,Terminations of infield cables 14,59343.17
C2012-08_468,2014-03-05T07:00:00+00:00,48.0,38400.0,0.0,0.0,0.0,1175.04,1210.29,806.86,403.43,403.43,201.72,605.15,0.0,806.86,806.86,403.43,403.43,605.15,403.43,1008.58,806.86,605.15,403.43,605.15,1008.58,806.86,1008.58,403.43,201.72,605.15,403.43,806.86,403.43,806.86,806.86,605.15,605.15,403.43,403.43,Terminations of infield cables 15,59343.17
C2012-08_469,2014-03-09T07:00:00+00:00,48.0,38400.0,0.0,0.0,0.0,1175.04,1210.29,806.86,403.43,403.43,201.72,605.15,0.0,806.86,806.86,403.43,403.43,605.15,403.43,1008.58,806.86,605.15,403.43,605.15,1008.58,806.86,1008.58,403.43,201.72,605.15,403.43,806.86,403.43,806.86,806.86,605.15,605.15,403.43,403.43,Terminations of infield cables 16,59343.17
C2012-08_470,2014-03-13T07:00:00+00:00,48.0,38400.0,0.0,0.0,0.0,1175.04,1210.29,806.86,403.43,403.43,201.72,605.15,0.0,806.86,806.86,403.43,403.43,605.15,403.43,1008.58,806.86,605.15,403.43,605.15,1008.58,806.86,1008.58,403.43,201.72,605.15,403.43,806.86,403.43,806.86,806.86,605.15,605.15,403.43,403.43,Terminations of infield cables 17,59343.17
C2012-08_471,2014-03-17T07:00:00+00:00,48.0,38400.0,0.0,0.0,0.0,1175.04,1210.29,806.86,403.43,403.43,201.72,605.15,0.0,806.86,806.86,403.43,403.43,605.15,403.43,1008.58,806.86,605.15,403.43,605.15,1008.58,806.86,1008.58,403.43,201.72,605.15,403.43,806.86,403.43,806.86,806.86,605.15,605.15,403.43,403.43,Terminations of infield cables 18,59343.17
C2012-08_472,2014-03-21T07:00:00+00:00,48.0,38400.0,0.0,0.0,0.0,1175.04,1210.29,806.86,403.43,403.43,201.72,605.15,0.0,806.86,806.86,403.43,403.43,605.15,403.43,1008.58,806.86,605.15,403.43,605.15,1008.58,806.86,1008.58,403.43,201.72,605.15,403.43,806.86,403.43,806.86,806.86,605.15,605.15,403.43,403.43,Terminations of infield cables 19,59343.17
C2012-08_473,2014-03-25T07:00:00+00:00,48.0,38400.0,0.0,0.0,0.0,1175.04,1210.29,806.86,403.43,403.43,201.72,605.15,0.0,806.86,806.86,403.43,403.43,605.15,403.43,1008.58,806.86,605.15,403.43,605.15,1008.58,806.86,1008.58,403.43,201.72,605.15,403.43,806.86,403.43,806.86,806.86,605.15,605.15,403.43,403.43,Terminations of infield cables 20,59343.17
C2012-08_474,2014-03-29T07:00:00+00:00,48.0,38400.0,0.0,0.0,0.0,1175.04,1210.29,806.86,403.43,403.43,201.72,605.15,0.0,806.86,806.86,403.43,403.43,605.15,403.43,1008.58,806.86,605.15,403.43,605.15,1008.58,806.86,1008.58,403.43,201.72,605.15,403.43,806.86,403.43,806.86,806.86,605.15,605.15,403.43,403.43,Terminations of infield cables 21,59343.17
C2012-08_475,2014-04-02T07:00:00+00:00,48.0,38400.0,0.0,0.0,0.0,1175.04,1210.29,806.86,403.43,403.43,201.72,605.15,0.0,806.86,806.86,403.43,403.43,605.15,403.43,1008.58,806.86,605.15,403.43,605.15,1008.58,806.86,1008.58,403.43,201.72,605.15,403.43,806.86,403.43,806.86,806.86,605.15,605.15,403.43,403.43,Terminations of infield cables 22,59343.17
C2012-08_476,2014-04-06T07:00:00+00:00,48.0,38400.0,0.0,0.0,0.0,1175.04,1210.29,806.86,403.43,403.43,201.72,605.15,0.0,806.86,806.86,403.43,403.43,605.15,403.43,1008.58,806.86,605.15,403.43,605.15,1008.58,806.86,1008.58,403.43,201.72,605.15,403.43,806.86,403.43,806.86,806.86,605.15,605.15,403.43,403.43,Terminations of infield cables 23,59343.17
C2012-08_477,2014-04-10T07:00:00+00:00,48.0,38400.0,0.0,0.0,0.0,1175.04,1210.29,806.86,403.43,403.43,201.72,605.15,0.0,806.86,806.86,403.43,403.43,605.15,403.43,1008.58,806.86,605.15,403.43,605.15,1008.58,806.86,1008.58,403.43,201.72,605.15,403.43,806.86,403.43,806.86,806.86,605.15,605.15,403.43,403.43,Terminations of infield cables 24,59343.17
C2012-08_430,2014-01-11T06:00:00+00:00,80.0,64000.0,0.0,0.0,0.0,1958.4,2017.15,1344.77,672.38,672.38,336.19,1008.58,0.0,1344.77,1344.77,672.38,672.38,1008.58,672.38,1680.96,1344.77,1008.58,672.38,1008.58,1680.96,1344.77,1680.96,672.38,336.19,1008.58,672.38,1344.77,672.38,1344.77,1344.77,1008.58,1008.58,672.38,672.38,Commissioning of wind turbines 1,98905.21
C2012-08_431,2014-01-16T06:00:00+00:00,80.0,64000.0,0.0,0.0,0.0,1958.4,2017.15,1344.77,672.38,672.38,336.19,1008.58,0.0,1344.77,1344.77,672.38,672.38,1008.58,672.38,1680.96,1344.77,1008.58,672.38,1008.58,1680.96,1344.77,1680.96,672.38,336.19,1008.58,672.38,1344.77,672.38,1344.77,1344.77,1008.58,1008.58,672.38,672.38,Commissioning of wind turbines 2,98905.21
C2012-08_432,2014-01-21T06:00:00+00:00,80.0,64000.0,0.0,0.0,0.0,1958.4,2017.15,1344.77,672.38,672.38,336.19,1008.58,0.0,1344.77,1344.77,672.38,672.38,1008.58,672.38,1680.96,1344.77,1008.58,672.38,1008.58,1680.96,1344.77,1680.96,672.38,336.19,1008.58,672.38,1344.77,672.38,1344.77,1344.77,1008.58,1008.58,672.38,672.38,Commissioning of wind turbines 3,98905.21
C2012-08_433,2014-01-26T06:00:00+00:00,80.0,64000.0,0.0,0.0,0.0,1958.4,2017.15,1344.77,672.38,672.38,336.19,1008.58,0.0,1344.77,1344.77,672.38,672.38,1008.58,672.38,1680.96,1344.77,1008.58,672.38,1008.58,1680.96,1344.77,1680.96,672.38,336.19,1008.58,672.38,1344.77,672.38,1344.77,1344.77,1008.58,1008.58,672.38,672.38,Commissioning of wind turbines 4,98905.21
C2012-08_434,2014-01-31T06:00:00+00:00,80.0,64000.0,0.0,0.0,0.0,1958.4,2017.15,1344.77,672.38,672.38,336.19,1008.58,0.0,1344.77,1344.77,672.38,672.38,1008.58,672.38,1680.96,1344.77,1008.58,672.38,1008.58,1680.96,1344.77,1680.96,672.38,336.19,1008.58,672.38,1344.77,672.38,1344.77,1344.77,1008.58,1008.58,672.38,672.38,Commissioning of wind turbines 5,98905.21
C2012-08_435,2014-02-05T06:00:00+00:00,80.0,64000.0,0.0,0.0,0.0,1958.4,2017.15,1344.77,672.38,672.38,336.19,1008.58,0.0,1344.77,1344.77,672.38,672.38,1008.58,672.38,1680.96,1344.77,1008.58,672.38,1008.58,1680.96,1344.77,1680.96,672.38,336.19,1008.58,672.38,1344.77,672.38,1344.77,1344.77,1008.58,1008.58,672.38,672.38,Commissioning of wind turbines 6,98905.21
C2012-08_436,2014-02-10T06:00:00+00:00,80.0,64000.0,0.0,0.0,0.0,1958.4,2017.15,1344.77,672.38,672.38,336.19,1008.58,0.0,1344.77,1344.77,672.38,672.38,1008.58,672.38,1680.96,1344.77,1008.58,672.38,1008.58,1680.96,1344.77,1680.96,672.38,336.19,1008.58,672.38,1344.77,672.38,1344.77,1344.77,1008.58,1008.58,672.38,672.38,Commissioning of wind turbines 7,98905.21
C2012-08_437,2014-02-15T06:00:00+00:00,80.0,64000.0,0.0,0.0,0.0,1958.4,2017.15,1344.77,672.38,672.38,336.19,1008.58,0.0,1344.77,1344.77,672.38,672.38,1008.58,672.38,1680.96,1344.77,1008.58,672.38,1008.58,1680.96,1344.77,1680.96,672.38,336.19,1008.58,672.38,1344.77,672.38,1344.77,1344.77,1008.58,1008.58,672.38,672.38,Commissioning of wind turbines 8,98905.21
C2012-08_438,2014-02-20T06:00:00+00:00,80.0,64000.0,0.0,0.0,0.0,1958.4,2017.15,1344.77,672.38,672.38,336.19,1008.58,0.0,1344.77,1344.77,672.38,672.38,1008.58,672.38,1680.96,1344.77,1008.58,672.38,1008.58,1680.96,1344.77,1680.96,672.38,336.19,1008.58,672.38,1344.77,672.38,1344.77,1344.77,1008.58,1008.58,672.38,672.38,Commissioning of wind turbines 9,98905.21
C2012-08_439,2014-02-25T06:00:00+00:00,80.0,64000.0,0.0,0.0,0.0,1958.4,2017.15,1344.77,672.38,672.38,336.19,1008.58,0.0,1344.77,1344.77,672.38,672.38,1008.58,672.38,1680.96,1344.77,1008.58,672.38,1008.58,1680.96,1344.77,1680.96,672.38,336.19,1008.58,672.38,1344.77,672.38,1344.77,1344.77,1008.58,1008.58,672.38,672.38,Commissioning of wind turbines 10,98905.21
C2012-08_440,2014-03-02T06:00:00+00:00,80.0,64000.0,0.0,0.0,0.0,1958.4,2017.15,1344.77,672.38,672.38,336.19,1008.58,0.0,1344.77,1344.77,672.38,672.38,1008.58,672.38,1680.96,1344.77,1008.58,672.38,1008.58,1680.96,1344.77,1680.96,672.38,336.19,1008.58,672.38,1344.77,672.38,1344.77,1344.77,1008.58,1008.58,672.38,672.38,Commissioning of wind turbines 11,98905.21
C2012-08_441,2014-03-07T06:00:00+00:00,80.0,64000.0,0.0,0.0,0.0,1958.4,2017.15,1344.77,672.38,672.38,336.19,1008.58,0.0,1344.77,1344.77,672.38,672.38,1008.58,672.38,1680.96,1344.77,1008.58,672.38,1008.58,1680.96,1344.77,1680.96,672.38,336.19,1008.58,672.38,1344.77,672.38,1344.77,1344.77,1008.58,1008.58,672.38,672.38,Commissioning of wind turbines 12,98905.21
C2012-08_442,2014-03-12T06:00:00+00:00,80.0,64000.0,0.0,0.0,0.0,1958.4,2017.15,1344.77,672.38,672.38,336.19,1008.58,0.0,1344.77,1344.77,672.38,672.38,1008.58,672.38,1680.96,1344.77,1008.58,672.38,1008.58,1680.96,1344.77,1680.96,672.38,336.19,1008.58,672.38,1344.77,672.38,1344.77,1344.77,1008.58,1008.58,672.38,672.38,Commissioning of wind turbines 13,98905.21
C2012-08_443,2014-03-17T06:00:00+00:00,80.0,64000.0,0.0,0.0,0.0,1958.4,2017.15,1344.77,672.38,672.38,336.19,1008.58,0.0,1344.77,1344.77,672.38,672.38,1008.58,672.38,1680.96,1344.77,1008.58,672.38,1008.58,1680.96,1344.77,1680.96,672.38,336.19,1008.58,672.38,1344.77,672.38,1344.77,1344.77,1008.58,1008.58,672.38,672.38,Commissioning of wind turbines 14,98905.21
C2012-08_444,2014-03-22T06:00:00+00:00,80.0,64000.0,0.0,0.0,0.0,1958.4,2017.15,1344.77,672.38,672.38,336.19,1008.58,0.0,1344.77,1344.77,672.38,672.38,1008.58,672.38,1680.96,1344.77,1008.58,672.38,1008.58,1680.96,1344.77,1680.96,672.38,336.19,1008.58,672.38,1344.77,672.38,1344.77,1344.77,1008.58,1008.58,672.38,672.38,Commissioning of wind turbines 15,98905.21
C2012-08_445,2014-03-27T06:00:00+00:00,80.0,64000.0,0.0,0.0,0.0,1958.4,2017.15,1344.77,672.38,672.38,336.19,1008.58,0.0,1344.77,1344.77,672.38,672.38,1008.58,672.38,1680.96,1344.77,1008.58,672.38,1008.58,1680.96,1344.77,1680.96,672.38,336.19,1008.58,672.38,1344.77,672.38,1344.77,1344.77,1008.58,1008.58,672.38,672.38,Commissioning of wind turbines 16,98905.21
C2012-08_446,2014-04-01T06:00:00+00:00,80.0,64000.0,0.0,0.0,0.0,1958.4,2017.15,1344.77,672.38,672.38,336.19,1008.58,0.0,1344.77,1344.77,672.38,672.38,1008.58,672.38,1680.96,1344.77,1008.58,672.38,1008.58,1680.96,1344.77,1680.96,672.38,336.19,1008.58,672.38,1344.77,672.38,1344.77,1344.77,1008.58,1008.58,672.38,672.38,Commissioning of wind turbines 17,98905.21
C2012-08_447,2014-04-06T06:00:00+00:00,80.0,64000.0,0.0,0.0,0.0,1958.4,2017.15,1344.77,672.38,672.38,336.19,1008.58,0.0,1344.77,1344.77,672.38,672.38,1008.58,672.38,1680.96,1344.77,1008.58,672.38,1008.58,1680.96,1344.77,1680.96,672.38,336.19,1008.58,672.38,1344.77,672.38,1344.77,1344.77,1008.58,1008.58,672.38,672.38,Commissioning of wind turbines 18,98905.21
C2012-08_448,2014-04-18T07:00:00+00:00,80.0,64000.0,0.0,0.0,0.0,1958.4,2017.15,1344.77,672.38,672.38,336.19,1008.58,0.0,1344.77,1344.77,672.38,672.38,1008.58,672.38,1680.96,1344.77,1008.58,672.38,1008.58,1680.96,1344.77,1680.96,672.38,336.19,1008.58,672.38,1344.77,672.38,1344.77,1344.77,1008.58,1008.58,672.38,672.38,Commissioning of wind turbines 19,98905.21
C2012-08_449,2014-04-23T07:00:00+00:00,80.0,64000.0,0.0,0.0,0.0,1958.4,2017.15,1344.77,672.38,672.38,336.19,1008.58,0.0,1344.77,1344.77,672.38,672.38,1008.58,672.38,1680.96,1344.77,1008.58,672.38,1008.58,1680.96,1344.77,1680.96,672.38,336.19,1008.58,672.38,1344.77,672.38,1344.77,1344.77,1008.58,1008.58,672.38,672.38,Commissioning of wind turbines 20,98905.21
C2012-08_450,2014-04-28T07:00:00+00:00,80.0,64000.0,0.0,0.0,0.0,1958.4,2017.15,1344.77,672.38,672.38,336.19,1008.58,0.0,1344.77,1344.77,672.38,672.38,1008.58,672.38,1680.96,1344.77,1008.58,672.38,1008.58,1680.96,1344.77,1680.96,672.38,336.19,1008.58,672.38,1344.77,672.38,1344.77,1344.77,1008.58,1008.58,672.38,672.38,Commissioning of wind turbines 21,98905.21
C2012-08_451,2014-05-03T07:00:00+00:00,80.0,64000.0,0.0,0.0,0.0,1958.4,2017.15,1344.77,672.38,672.38,336.19,1008.58,0.0,1344.77,1344.77,672.38,672.38,1008.58,672.38,1680.96,1344.77,1008.58,672.38,1008.58,1680.96,1344.77,1680.96,672.38,336.19,1008.58,672.38,1344.77,672.38,1344.77,1344.77,1008.58,1008.58,672.38,672.38,Commissioning of wind turbines 22,98905.21
C2012-08_452,2014-05-08T07:00:00+00:00,80.0,64000.0,0.0,0.0,0.0,1958.4,2017.15,1344.77,672.38,672.38,336.19,1008.58,0.0,1344.77,1344.77,672.38,672.38,1008.58,672.38,1680.96,1344.77,1008.58,672.38,1008.58,1680.96,1344.77,1680.96,672.38,336.19,1008.58,672.38,1344.77,672.38,1344.77,1344.77,1008.58,1008.58,672.38,672.38,Commissioning of wind turbines 23,98905.21
C2012-08_453,2014-04-13T07:00:00+00:00,80.0,64000.0,0.0,0.0,0.0,1958.4,2017.15,1344.77,672.38,672.38,336.19,1008.58,0.0,1344.77,1344.77,672.38,672.38,1008.58,672.38,1680.96,1344.77,1008.58,672.38,1008.58,1680.96,1344.77,1680.96,672.38,336.19,1008.58,672.38,1344.77,672.38,1344.77,1344.77,1008.58,1008.58,672.38,672.38,Commissioning of wind turbines 24,98905.21
C2012-08_406,2014-01-16T06:00:00+00:00,80.0,12800.0,0.0,0.0,0.0,391.68,403.43,268.95,134.48,134.48,67.24,201.72,0.0,268.95,268.95,134.48,134.48,201.72,134.48,336.19,268.95,201.72,134.48,201.72,336.19,268.95,336.19,134.48,67.24,201.72,134.48,268.95,134.48,268.95,268.95,201.72,201.72,134.48,134.48,Reliability tests 1,19781.08
C2012-08_407,2014-01-21T06:00:00+00:00,80.0,12800.0,0.0,0.0,0.0,391.68,403.43,268.95,134.48,134.48,67.24,201.72,0.0,268.95,268.95,134.48,134.48,201.72,134.48,336.19,268.95,201.72,134.48,201.72,336.19,268.95,336.19,134.48,67.24,201.72,134.48,268.95,134.48,268.95,268.95,201.72,201.72,134.48,134.48,Reliability tests 2,19781.08
C2012-08_408,2014-01-26T06:00:00+00:00,80.0,12800.0,0.0,0.0,0.0,391.68,403.43,268.95,134.48,134.48,67.24,201.72,0.0,268.95,268.95,134.48,134.48,201.72,134.48,336.19,268.95,201.72,134.48,201.72,336.19,268.95,336.19,134.48,67.24,201.72,134.48,268.95,134.48,268.95,268.95,201.72,201.72,134.48,134.48,Reliability tests 3,19781.08
C2012-08_409,2014-01-31T06:00:00+00:00,80.0,12800.0,0.0,0.0,0.0,391.68,403.43,268.95,134.48,134.48,67.24,201.72,0.0,268.95,268.95,134.48,134.48,201.72,134.48,336.19,268.95,201.72,134.48,201.72,336.19,268.95,336.19,134.48,67.24,201.72,134.48,268.95,134.48,268.95,268.95,201.72,201.72,134.48,134.48,Reliability tests 4,19781.08
C2012-08_410,2014-02-05T06:00:00+00:00,80.0,12800.0,0.0,0.0,0.0,391.68,403.43,268.95,134.48,134.48,67.24,201.72,0.0,268.95,268.95,134.48,134.48,201.72,134.48,336.19,268.95,201.72,134.48,201.72,336.19,268.95,336.19,134.48,67.24,201.72,134.48,268.95,134.48,268.95,268.95,201.72,201.72,134.48,134.48,Reliability tests 5,19781.08
C2012-08_411,2014-02-10T06:00:00+00:00,80.0,12800.0,0.0,0.0,0.0,391.68,403.43,268.95,134.48,134.48,67.24,201.72,0.0,268.95,268.95,134.48,134.48,201.72,134.48,336.19,268.95,201.72,134.48,201.72,336.19,268.95,336.19,134.48,67.24,201.72,134.48,268.95,134.48,268.95,268.95,201.72,201.72,134.48,134.48,Reliability tests 6,19781.08
C2012-08_412,2014-02-15T06:00:00+00:00,80.0,12800.0,0.0,0.0,0.0,391.68,403.43,268.95,134.48,134.48,67.24,201.72,0.0,268.95,268.95,134.48,134.48,201.72,134.48,336.19,268.95,201.72,134.48,201.72,336.19,268.95,336.19,134.48,67.24,201.72,134.48,268.95,134.48,268.95,268.95,201.72,201.72,134.48,134.48,Reliability tests 7,19781.08
C2012-08_413,2014-02-20T06:00:00+00:00,80.0,12800.0,0.0,0.0,0.0,391.68,403.43,268.95,134.48,134.48,67.24,201.72,0.0,268.95,268.95,134.48,134.48,201.72,134.48,336.19,268.95,201.72,134.48,201.72,336.19,268.95,336.19,134.48,67.24,201.72,134.48,268.95,134.48,268.95,268.95,201.72,201.72,134.48,134.48,Reliability tests 8,19781.08
C2012-08_414,2014-02-25T06:00:00+00:00,80.0,12800.0,0.0,0.0,0.0,391.68,403.43,268.95,134.48,134.48,67.24,201.72,0.0,268.95,268.95,134.48,134.48,201.72,134.48,336.19,268.95,201.72,134.48,201.72,336.19,268.95,336.19,134.48,67.24,201.72,134.48,268.95,134.48,268.95,268.95,201.72,201.72,134.48,134.48,Reliability tests 9,19781.08
C2012-08_415,2014-03-02T06:00:00+00:00,80.0,12800.0,0.0,0.0,0.0,391.68,403.43,268.95,134.48,134.48,67.24,201.72,0.0,268.95,268.95,134.48,134.48,201.72,134.48,336.19,268.95,201.72,134.48,201.72,336.19,268.95,336.19,134.48,67.24,201.72,134.48,268.95,134.48,268.95,268.95,201.72,201.72,134.48,134.48,Reliability tests 10,19781.08
C2012-08_416,2014-03-07T06:00:00+00:00,80.0,12800.0,0.0,0.0,0.0,391.68,403.43,268.95,134.48,134.48,67.24,201.72,0.0,268.95,268.95,134.48,134.48,201.72,134.48,336.19,268.95,201.72,134.48,201.72,336.19,268.95,336.19,134.48,67.24,201.72,134.48,268.95,134.48,268.95,268.95,201.72,201.72,134.48,134.48,Reliability tests 11,19781.08
C2012-08_417,2014-03-12T06:00:00+00:00,80.0,12800.0,0.0,0.0,0.0,391.68,403.43,268.95,134.48,134.48,67.24,201.72,0.0,268.95,268.95,134.48,134.48,201.72,134.48,336.19,268.95,201.72,134.48,201.72,336.19,268.95,336.19,134.48,67.24,201.72,134.48,268.95,134.48,268.95,268.95,201.72,201.72,134.48,134.48,Reliability tests 12,19781.08
C2012-08_418,2014-03-17T06:00:00+00:00,80.0,12800.0,0.0,0.0,0.0,391.68,403.43,268.95,134.48,134.48,67.24,201.72,0.0,268.95,268.95,134.48,134.48,201.72,134.48,336.19,268.95,201.72,134.48,201.72,336.19,268.95,336.19,134.48,67.24,201.72,134.48,268.95,134.48,268.95,268.95,201.72,201.72,134.48,134.48,Reliability tests 13,19781.08
C2012-08_419,2014-03-22T06:00:00+00:00,80.0,12800.0,0.0,0.0,0.0,391.68,403.43,268.95,134.48,134.48,67.24,201.72,0.0,268.95,268.95,134.48,134.48,201.72,134.48,336.19,268.95,201.72,134.48,201.72,336.19,268.95,336.19,134.48,67.24,201.72,134.48,268.95,134.48,268.95,268.95,201.72,201.72,134.48,134.48,Reliability tests 14,19781.08
C2012-08_421,2014-04-01T06:00:00+00:00,80.0,12800.0,0.0,0.0,0.0,391.68,403.43,268.95,134.48,134.48,67.24,201.72,0.0,268.95,268.95,134.48,134.48,201.72,134.48,336.19,268.95,201.72,134.48,201.72,336.19,268.95,336.19,134.48,67.24,201.72,134.48,268.95,134.48,268.95,268.95,201.72,201.72,134.48,134.48,Reliability tests 15,19781.08
C2012-08_420,2014-03-27T06:00:00+00:00,80.0,12800.0,0.0,0.0,0.0,391.68,403.43,268.95,134.48,134.48,67.24,201.72,0.0,268.95,268.95,134.48,134.48,201.72,134.48,336.19,268.95,201.72,134.48,201.72,336.19,268.95,336.19,134.48,67.24,201.72,134.48,268.95,134.48,268.95,268.95,201.72,201.72,134.48,134.48,Reliability tests 16,19781.08
C2012-08_422,2014-04-06T06:00:00+00:00,80.0,12800.0,0.0,0.0,0.0,391.68,403.43,268.95,134.48,134.48,67.24,201.72,0.0,268.95,268.95,134.48,134.48,201.72,134.48,336.19,268.95,201.72,134.48,201.72,336.19,268.95,336.19,134.48,67.24,201.72,134.48,268.95,134.48,268.95,268.95,201.72,201.72,134.48,134.48,Reliability tests 17,19781.08
C2012-08_423,2014-04-11T06:00:00+00:00,80.0,12800.0,0.0,0.0,0.0,391.68,403.43,268.95,134.48,134.48,67.24,201.72,0.0,268.95,268.95,134.48,134.48,201.72,134.48,336.19,268.95,201.72,134.48,201.72,336.19,268.95,336.19,134.48,67.24,201.72,134.48,268.95,134.48,268.95,268.95,201.72,201.72,134.48,134.48,Reliability tests 18,19781.08
C2012-08_424,2014-04-23T07:00:00+00:00,80.0,12800.0,0.0,0.0,0.0,391.68,403.43,268.95,134.48,134.48,67.24,201.72,0.0,268.95,268.95,134.48,134.48,201.72,134.48,336.19,268.95,201.72,134.48,201.72,336.19,268.95,336.19,134.48,67.24,201.72,134.48,268.95,134.48,268.95,268.95,201.72,201.72,134.48,134.48,Reliability tests 19,19781.08
C2012-08_425,2014-04-28T07:00:00+00:00,80.0,12800.0,0.0,0.0,0.0,391.68,403.43,268.95,134.48,134.48,67.24,201.72,0.0,268.95,268.95,134.48,134.48,201.72,134.48,336.19,268.95,201.72,134.48,201.72,336.19,268.95,336.19,134.48,67.24,201.72,134.48,268.95,134.48,268.95,268.95,201.72,201.72,134.48,134.48,Reliability tests 20,19781.08
C2012-08_426,2014-05-03T07:00:00+00:00,80.0,12800.0,0.0,0.0,0.0,391.68,403.43,268.95,134.48,134.48,67.24,201.72,0.0,268.95,268.95,134.48,134.48,201.72,134.48,336.19,268.95,201.72,134.48,201.72,336.19,268.95,336.19,134.48,67.24,201.72,134.48,268.95,134.48,268.95,268.95,201.72,201.72,134.48,134.48,Reliability tests 21,19781.08
C2012-08_427,2014-05-08T07:00:00+00:00,80.0,12800.0,0.0,0.0,0.0,391.68,403.43,268.95,134.48,134.48,67.24,201.72,0.0,268.95,268.95,134.48,134.48,201.72,134.48,336.19,268.95,201.72,134.48,201.72,336.19,268.95,336.19,134.48,67.24,201.72,134.48,268.95,134.48,268.95,268.95,201.72,201.72,134.48,134.48,Reliability tests 22,19781.08
C2012-08_428,2014-05-13T07:00:00+00:00,80.0,12800.0,0.0,0.0,0.0,391.68,403.43,268.95,134.48,134.48,67.24,201.72,0.0,268.95,268.95,134.48,134.48,201.72,134.48,336.19,268.95,201.72,134.48,201.72,336.19,268.95,336.19,134.48,67.24,201.72,134.48,268.95,134.48,268.95,268.95,201.72,201.72,134.48,134.48,Reliability tests 23,19781.08
C2012-08_429,2014-04-18T07:00:00+00:00,80.0,12800.0,0.0,0.0,0.0,391.68,403.43,268.95,134.48,134.48,67.24,201.72,0.0,268.95,268.95,134.48,134.48,201.72,134.48,336.19,268.95,201.72,134.48,201.72,336.19,268.95,336.19,134.48,67.24,201.72,134.48,268.95,134.48,268.95,268.95,201.72,201.72,134.48,134.48,Reliability tests 24,19781.08
C2012-08_75,2013-02-04T06:00:00+00:00,640.0,0.0,176000.0,0.0,0.0,5385.6,5547.17,3698.11,1849.06,1849.06,924.53,2773.58,0.0,3698.11,3698.11,1849.06,1849.06,2773.58,1849.06,4622.64,3698.11,2773.58,1849.06,2773.58,4622.64,3698.11,4622.64,1849.06,924.53,2773.58,1849.06,3698.11,1849.06,3698.11,3698.11,2773.58,2773.58,1849.06,1849.06,Purchase of base materials,271989.35
C2012-08_76,2013-03-16T06:00:00+00:00,160.0,0.0,278000.0,0.0,0.0,8506.8,8762.0,5841.34,2920.67,2920.67,1460.33,4381.0,0.0,5841.34,5841.34,2920.67,2920.67,4381.0,2920.67,7301.67,5841.34,4381.0,2920.67,4381.0,7301.67,5841.34,7301.67,2920.67,1460.33,4381.0,2920.67,5841.34,2920.67,5841.34,5841.34,4381.0,4381.0,2920.67,2920.67,Construction of jacket foundation for OTS,429619.56
C2012-08_77,2013-05-31T06:00:00+00:00,32.0,12160.0,0.0,33600.0,8400.0,1675.2,1725.46,1150.3,575.15,575.15,287.58,862.73,0.0,1150.3,1150.3,575.15,575.15,862.73,575.15,1437.88,1150.3,862.73,575.15,862.73,1437.88,1150.3,1437.88,575.15,287.58,862.73,575.15,1150.3,575.15,1150.3,1150.3,862.73,862.73,575.15,575.15,Transport of jacket foundation to Ostend,84017.62
C2012-08_82,2013-06-02T06:00:00+00:00,16.0,16320.0,0.0,16800.0,4200.0,1144.8,1179.14,786.1,393.05,393.05,196.52,589.57,0.0,786.1,786.1,393.05,393.05,589.57,393.05,982.62,786.1,589.57,393.05,589.57,982.62,786.1,982.62,393.05,196.52,589.57,393.05,786.1,393.05,786.1,786.1,589.57,589.57,393.05,393.05,Transport of jacket foundation in sea,57724.18
C2012-08_81,2013-06-03T06:00:00+00:00,16.0,27840.0,0.0,57920.0,14480.0,3094.08,3186.9,2124.6,1062.3,1062.3,531.15,1593.45,0.0,2124.6,2124.6,1062.3,1062.3,1593.45,1062.3,2655.75,2124.6,1593.45,1062.3,1593.45,2655.75,2124.6,2655.75,1062.3,531.15,1593.45,1062.3,2124.6,1062.3,2124.6,2124.6,1593.45,1593.45,1062.3,1062.3,Installation of jacket foundation of OTS,155386.78
C2012-08_84,2013-02-04T06:00:00+00:00,2400.0,0.0,3045000.0,0.0,0.0,93177.0,95972.31,63981.54,31990.77,31990.77,15995.39,47986.15,0.0,63981.54,63981.54,31990.77,31990.77,47986.15,31990.77,79976.93,63981.54,47986.15,31990.77,47986.15,79976.93,63981.54,79976.93,31990.77,15995.39,47986.15,31990.77,63981.54,31990.77,63981.54,63981.54,47986.15,47986.15,31990.77,31990.77,Purchase of base materials,4705724.72
C2012-08_85,2013-04-05T06:00:00+00:00,480.0,0.0,696000.0,0.0,0.0,21297.6,21936.53,14624.35,7312.18,7312.18,3656.09,10968.26,0.0,14624.35,14624.35,7312.18,7312.18,10968.26,7312.18,18280.44,14624.35,10968.26,7312.18,10968.26,18280.44,14624.35,18280.44,7312.18,3656.09,10968.26,7312.18,14624.35,7312.18,14624.35,14624.35,10968.26,10968.26,7312.18,7312.18,Erection of 1st main deck section,1075594.23
C2012-08_86,2013-05-05T06:00:00+00:00,480.0,0.0,696000.0,0.0,0.0,21297.6,21936.53,14624.35,7312.18,7312.18,3656.09,10968.26,0.0,14624.35,14624.35,7312.18,7312.18,10968.26,7312.18,18280.44,14624.35,10968.26,7312.18,10968.26,18280.44,14624.35,18280.44,7312.18,3656.09,10968.26,7312.18,14624.35,7312.18,14624.35,14624.35,10968.26,10968.26,7312.18,7312.18,Erection of 2st main deck section,1075594.23
C2012-08_87,2013-06-04T06:00:00+00:00,256.0,0.0,654000.0,0.0,0.0,20012.4,20612.77,13741.85,6870.92,6870.92,3435.46,10306.39,0.0,13741.85,13741.85,6870.92,6870.92,10306.39,6870.92,17177.31,13741.85,10306.39,6870.92,10306.39,17177.31,13741.85,17177.31,6870.92,3435.46,10306.39,6870.92,13741.85,6870.92,13741.85,13741.85,10306.39,10306.39,6870.92,6870.92,Erection of mezzanine deck,1010687.67
C2012-08_88,2013-06-20T06:00:00+00:00,256.0,0.0,696000.0,0.0,0.0,21297.6,21936.53,14624.35,7312.18,7312.18,3656.09,10968.26,0.0,14624.35,14624.35,7312.18,7312.18,10968.26,7312.18,18280.44,14624.35,10968.26,7312.18,10968.26,18280.44,14624.35,18280.44,7312.18,3656.09,10968.26,7312.18,14624.35,7312.18,14624.35,14624.35,10968.26,10968.26,7312.18,7312.18,Construction of roof deck,1075594.23
C2012-08_89,2013-07-06T06:00:00+00:00,33.0,0.0,205000.0,0.0,0.0,6273.0,6461.19,4307.46,2153.73,2153.73,1076.87,3230.59,0.0,4307.46,4307.46,2153.73,2153.73,3230.59,2153.73,5384.32,4307.46,3230.59,2153.73,3230.59,5384.32,4307.46,5384.32,2153.73,1076.87,3230.59,2153.73,4307.46,2153.73,4307.46,4307.46,3230.59,3230.59,2153.73,2153.73,Internal finishings,316805.73
C2012-08_90,2013-07-08T07:00:00+00:00,960.0,0.0,864000.0,0.0,0.0,26438.4,27231.55,18154.37,9077.18,9077.18,4538.59,13615.78,0.0,18154.37,18154.37,9077.18,9077.18,13615.78,9077.18,22692.96,18154.37,13615.78,9077.18,13615.78,22692.96,18154.37,22692.96,9077.18,4538.59,13615.78,9077.18,18154.37,9077.18,18154.37,18154.37,13615.78,13615.78,9077.18,9077.18,Installation of transformer equipment,1335220.41
C2012-08_91,2013-09-06T07:00:00+00:00,160.0,0.0,123000.0,0.0,0.0,3763.8,3876.71,2584.48,1292.24,1292.24,646.12,1938.36,0.0,2584.48,2584.48,1292.24,1292.24,1938.36,1292.24,3230.59,2584.48,1938.36,1292.24,1938.36,3230.59,2584.48,3230.59,1292.24,646.12,1938.36,1292.24,2584.48,1292.24,2584.48,2584.48,1938.36,1938.36,1292.24,1292.24,Preparation for upcoming transport,190083.52
C2012-08_94,2013-09-16T07:00:00+00:00,16.0,6080.0,0.0,16800.0,4200.0,837.6,862.73,575.15,287.58,287.58,143.79,431.36,0.0,575.15,575.15,287.58,287.58,431.36,287.58,718.94,575.15,431.36,287.58,431.36,718.94,575.15,718.94,287.58,143.79,431.36,287.58,575.15,287.58,575.15,575.15,431.36,431.36,287.58,287.58,Transport of OTS,42008.83
C2012-08_95,2013-09-17T07:00:00+00:00,16.0,27840.0,0.0,57920.0,14480.0,3094.08,3186.9,2124.6,1062.3,1062.3,531.15,1593.45,0.0,2124.6,2124.6,1062.3,1062.3,1593.45,1062.3,2655.75,2124.6,1593.45,1062.3,1593.45,2655.75,2124.6,2655.75,1062.3,531.15,1593.45,1062.3,2124.6,1062.3,2124.6,2124.6,1593.45,1593.45,1062.3,1062.3,Installation of OTS foundation,155386.78
C2012-08_100,2013-09-18T07:00:00+00:00,32.0,28800.0,0.0,106240.0,26560.0,5007.36,5157.58,3438.39,1719.19,1719.19,859.6,2578.79,0.0,3438.39,3438.39,1719.19,1719.19,2578.79,1719.19,4297.98,3438.39,2578.79,1719.19,2578.79,4297.98,3438.39,4297.98,1719.19,859.6,2578.79,1719.19,3438.39,1719.19,3438.39,3438.39,2578.79,2578.79,1719.19,1719.19,Rock dumping as scour protection around the OTS foundation,250847.82
C2012-08_101,2013-09-20T07:00:00+00:00,192.0,172800.0,0.0,637440.0,159360.0,30044.16,30945.49,20630.32,10315.16,10315.16,5157.58,15472.74,0.0,20630.32,20630.32,10315.16,10315.16,15472.74,10315.16,25787.9,20630.32,15472.74,10315.16,15472.74,25787.9,20630.32,25787.9,10315.16,5157.58,15472.74,10315.16,20630.32,10315.16,20630.32,20630.32,15472.74,15472.74,10315.16,10315.16,GOSA mattresses installations above existing underground cables as protection,1505087.01
C2012-08_102,2013-10-02T07:00:00+00:00,32.0,23680.0,0.0,106240.0,26560.0,4853.76,4999.37,3332.91,1666.46,1666.46,833.23,2499.69,0.0,3332.91,3332.91,1666.46,1666.46,2499.69,1666.46,4166.14,3332.91,2499.69,1666.46,2499.69,4166.14,3332.91,4166.14,1666.46,833.23,2499.69,1666.46,3332.91,1666.46,3332.91,3332.91,2499.69,2499.69,1666.46,1666.46,Pre-grapnel run to remove obstacles from cable trajectories,242990.18
C2012-08_104,2013-02-04T06:00:00+00:00,1920.0,0.0,2205000.0,0.0,0.0,67473.0,69497.19,46331.46,23165.73,23165.73,11582.86,34748.6,0.0,46331.46,46331.46,23165.73,23165.73,34748.6,23165.73,57914.32,46331.46,34748.6,23165.73,34748.6,57914.32,46331.46,57914.32,23165.73,11582.86,34748.6,23165.73,46331.46,23165.73,46331.46,46331.46,34748.6,34748.6,23165.73,23165.73,Production in Karlskrona Sweden,3407593.78
C2012-08_105,2013-06-06T06:00:00+00:00,80.0,36800.0,127000.0,276000.0,69000.0,15678.0,16148.34,10765.56,5382.78,5382.78,2691.39,8074.17,0.0,10765.56,10765.56,5382.78,5382.78,8074.17,5382.78,13456.95,10765.56,8074.17,5382.78,8074.17,13456.95,10765.56,13456.95,5382.78,2691.39,8074.17,5382.78,10765.56,5382.78,10765.56,10765.56,8074.17,8074.17,5382.78,5382.78,Transport,788234.22
C2012-08_106,2013-06-11T06:00:00+00:00,16.0,20160.0,0.0,53120.0,13280.0,2676.48,2756.77,1837.85,918.92,918.92,459.46,1378.39,0.0,1837.85,1837.85,918.92,918.92,1378.39,918.92,2297.31,1837.85,1378.39,918.92,1378.39,2297.31,1837.85,2297.31,918.92,459.46,1378.39,918.92,1837.85,918.92,1837.85,1837.85,1378.39,1378.39,918.92,918.92,Pre-grapnel runs to remove obstacles,134263.75
C2012-08_107,2013-06-12T06:00:00+00:00,16.0,20480.0,37600.0,0.0,0.0,1777.25,1830.57,1220.38,610.19,610.19,305.09,915.28,0.0,1220.38,1220.38,610.19,610.19,915.28,610.19,1525.47,1220.38,915.28,610.19,915.28,1525.47,1220.38,1525.47,610.19,305.09,915.28,610.19,1220.38,610.19,1220.38,1220.38,915.28,915.28,610.19,610.19,Wet trials,89756.5
C2012-08_108,2013-10-31T06:00:00+00:00,768.0,721920.0,0.0,2496000.0,624000.0,119001.6,122571.65,81714.43,40857.22,40857.22,20428.61,61285.82,0.0,81714.43,81714.43,40857.22,40857.22,61285.82,40857.22,102143.04,81714.43,61285.82,40857.22,61285.82,102143.04,81714.43,102143.04,40857.22,20428.61,61285.82,40857.22,81714.43,40857.22,81714.43,81714.43,61285.82,61285.82,40857.22,40857.22,Cable laying works,5962925.19
C2012-08_109,2013-11-05T06:00:00+00:00,768.0,1228800.0,0.0,0.0,0.0,37601.28,38729.32,25819.55,12909.77,12909.77,6454.89,19364.66,0.0,25819.55,25819.55,12909.77,12909.77,19364.66,12909.77,32274.43,25819.55,19364.66,12909.77,19364.66,32274.43,25819.55,32274.43,12909.77,6454.89,19364.66,12909.77,25819.55,12909.77,25819.55,25819.55,19364.66,19364.66,12909.77,12909.77,Final hang off of the cables in the WTG foundations,1898980.16
C2012-08_110,2013-12-23T06:00:00+00:00,160.0,252800.0,0.0,520000.0,130000.0,27864.0,28699.92,19133.28,9566.64,9566.64,4783.32,14349.96,0.0,19133.28,19133.28,9566.64,9566.64,14349.96,9566.64,23916.6,19133.28,14349.96,9566.64,14349.96,23916.6,19133.28,23916.6,9566.64,4783.32,14349.96,9566.64,19133.28,9566.64,19133.28,19133.28,14349.96,14349.96,9566.64,9566.64,Burial of cables,1399429.36
C2012-08_111,2014-01-02T06:00:00+00:00,32.0,20480.0,0.0,0.0,0.0,626.69,645.49,430.33,215.16,215.16,107.58,322.74,0.0,430.33,430.33,215.16,215.16,322.74,215.16,537.91,430.33,322.74,215.16,322.74,537.91,430.33,537.91,215.16,107.58,322.74,215.16,430.33,215.16,430.33,430.33,322.74,322.74,215.16,215.16,Survey of burial depths,31649.65
C2012-08_112,2014-01-04T06:00:00+00:00,64.0,101120.0,0.0,208000.0,52000.0,11145.6,11479.97,7653.31,3826.66,3826.66,1913.33,5739.98,0.0,7653.31,7653.31,3826.66,3826.66,5739.98,3826.66,9566.64,7653.31,5739.98,3826.66,5739.98,9566.64,7653.31,9566.64,3826.66,1913.33,5739.98,3826.66,7653.31,3826.66,7653.31,7653.31,5739.98,5739.98,3826.66,3826.66,Second remedial burial pass if necessary,559771.75
C2012-08_126,2013-02-04T06:00:00+00:00,32.0,23680.0,0.0,106240.0,26560.0,4853.76,4999.37,3332.91,1666.46,1666.46,833.23,2499.69,0.0,3332.91,3332.91,1666.46,1666.46,2499.69,1666.46,4166.14,3332.91,2499.69,1666.46,2499.69,4166.14,3332.91,4166.14,1666.46,833.23,2499.69,1666.46,3332.91,1666.46,3332.91,3332.91,2499.69,2499.69,1666.46,1666.46,Pre-lay grapnel run on trajectory,242990.18
C2012-08_128,2013-02-09T06:00:00+00:00,1120.0,0.0,1470000.0,0.0,0.0,44982.0,46331.46,30887.64,15443.82,15443.82,7721.91,23165.73,0.0,30887.64,30887.64,15443.82,15443.82,23165.73,15443.82,38609.55,30887.64,23165.73,15443.82,23165.73,38609.55,30887.64,38609.55,15443.82,7721.91,23165.73,15443.82,30887.64,15443.82,30887.64,30887.64,23165.73,23165.73,15443.82,15443.82,Purchase of raw materials,2271729.18
C2012-08_129,2013-03-31T06:00:00+00:00,640.0,0.0,625600.0,0.0,0.0,19143.36,19717.66,13145.11,6572.55,6572.55,3286.28,9858.83,0.0,13145.11,13145.11,6572.55,6572.55,9858.83,6572.55,16431.38,13145.11,9858.83,6572.55,9858.83,16431.38,13145.11,16431.38,6572.55,3286.28,9858.83,6572.55,13145.11,6572.55,13145.11,13145.11,9858.83,9858.83,6572.55,6572.55,Manufacturing in Karlskrona Sweden,966798.46
C2012-08_130,2013-05-05T06:00:00+00:00,80.0,24000.0,16570.0,260000.0,65000.0,11357.1,11697.81,7798.54,3899.27,3899.27,1949.63,5848.91,0.0,7798.54,7798.54,3899.27,3899.27,5848.91,3899.27,9748.18,7798.54,5848.91,3899.27,5848.91,9748.18,7798.54,9748.18,3899.27,1949.63,5848.91,3899.27,7798.54,3899.27,7798.54,7798.54,5848.91,5848.91,3899.27,3899.27,Mobilisation of Stemat Spirit,567991.37
C2012-08_131,2013-05-10T06:00:00+00:00,64.0,19200.0,15460.0,233600.0,58400.0,10150.2,10454.71,6969.8,3484.9,3484.9,1742.45,5227.35,0.0,6969.8,6969.8,3484.9,3484.9,5227.35,3484.9,8712.25,6969.8,5227.35,3484.9,5227.35,8712.25,6969.8,8712.25,3484.9,1742.45,5227.35,3484.9,6969.8,3484.9,6969.8,6969.8,5227.35,5227.35,3484.9,3484.9,Transport Sweden-Ostend,507570.31
C2012-08_133,2013-05-04T06:00:00+00:00,80.0,113600.0,112000.0,256000.0,64000.0,16752.0,17254.56,11503.04,5751.52,5751.52,2875.76,8627.28,0.0,11503.04,11503.04,5751.52,5751.52,8627.28,5751.52,14378.8,11503.04,8627.28,5751.52,8627.28,14378.8,11503.04,14378.8,5751.52,2875.76,8627.28,5751.52,11503.04,5751.52,11503.04,11503.04,8627.28,8627.28,5751.52,5751.52,Dredging to widen shipping lane Vaargeul1,844176.48
C2012-08_134,2013-05-09T06:00:00+00:00,80.0,113600.0,219000.0,256000.0,64000.0,19962.0,20560.86,13707.24,6853.62,6853.62,3426.81,10280.43,0.0,13707.24,13707.24,6853.62,6853.62,10280.43,6853.62,17134.05,13707.24,10280.43,6853.62,10280.43,17134.05,13707.24,17134.05,6853.62,3426.81,10280.43,6853.62,13707.24,6853.62,13707.24,13707.24,10280.43,10280.43,6853.62,6853.62,Prepare trench where export cable B (150kV) is crossing Vaargeul1,1008389.38
C2012-08_136,2013-02-18T06:00:00+00:00,960.0,0.0,103570.0,0.0,0.0,3169.24,3264.32,2176.21,1088.11,1088.11,544.05,1632.16,0.0,2176.21,2176.21,1088.11,1088.11,1632.16,1088.11,2720.27,2176.21,1632.16,1088.11,1632.16,2720.27,2176.21,2720.27,1088.11,544.05,1632.16,1088.11,2176.21,1088.11,2176.21,2176.21,1632.16,1632.16,1088.11,1088.11,Delivery of pipes to be drilled,160056.48
C2012-08_193,2013-04-19T06:00:00+00:00,80.0,89600.0,138000.0,16000.0,4000.0,7452.0,7675.56,5117.04,2558.52,2558.52,1279.26,3837.78,0.0,5117.04,5117.04,2558.52,2558.52,3837.78,2558.52,6396.3,5117.04,3837.78,2558.52,3837.78,6396.3,5117.04,6396.3,2558.52,1279.26,3837.78,2558.52,5117.04,2558.52,5117.04,5117.04,3837.78,3837.78,2558.52,2558.52,Welding pipes together,380419.48
C2012-08_137,2013-04-09T06:00:00+00:00,240.0,307200.0,223000.0,576000.0,144000.0,38370.0,39521.1,26347.4,13173.7,13173.7,6586.85,19760.55,0.0,26347.4,26347.4,13173.7,13173.7,19760.55,13173.7,32934.25,26347.4,19760.55,13173.7,19760.55,32934.25,26347.4,32934.25,13173.7,6586.85,19760.55,13173.7,26347.4,13173.7,26347.4,26347.4,19760.55,19760.55,13173.7,13173.7,Directional drillings on land,1934081.3
C2012-08_138,2013-04-24T06:00:00+00:00,48.0,57600.0,0.0,62400.0,15600.0,4161.6,4286.45,2857.63,1428.82,1428.82,714.41,2143.22,0.0,2857.63,2857.63,1428.82,1428.82,2143.22,1428.82,3572.04,2857.63,2143.22,1428.82,2143.22,3572.04,2857.63,3572.04,1428.82,714.41,2143.22,1428.82,2857.63,1428.82,2857.63,2857.63,2143.22,2143.22,1428.82,1428.82,Pulling welded pipe in through drilling hole,209773.59
C2012-08_139,2013-04-27T06:00:00+00:00,32.0,25600.0,12500.0,0.0,0.0,1165.86,1200.84,800.56,400.28,400.28,200.14,600.42,0.0,800.56,800.56,400.28,400.28,600.42,400.28,1000.7,800.56,600.42,400.28,600.42,1000.7,800.56,1000.7,400.28,200.14,600.42,400.28,800.56,400.28,800.56,800.56,600.42,600.42,400.28,400.28,Factory Acceptance Tests on land cables,58879.58
C2012-08_140,2013-05-12T06:00:00+00:00,80.0,92800.0,18200.0,120000.0,30000.0,8010.0,8250.3,5500.2,2750.1,2750.1,1375.05,4125.15,0.0,5500.2,5500.2,2750.1,2750.1,4125.15,2750.1,6875.25,5500.2,4125.15,2750.1,4125.15,6875.25,5500.2,6875.25,2750.1,1375.05,4125.15,2750.1,5500.2,2750.1,5500.2,5500.2,4125.15,4125.15,2750.1,2750.1,Cable laying onshore between export cable landing and Elia sub-station,403764.9
C2012-08_141,2013-05-17T06:00:00+00:00,32.0,25600.0,54600.0,0.0,0.0,2454.12,2527.74,1685.16,842.58,842.58,421.29,1263.87,0.0,1685.16,1685.16,842.58,842.58,1263.87,842.58,2106.45,1685.16,1263.87,842.58,1263.87,2106.45,1685.16,2106.45,842.58,421.29,1263.87,842.58,1685.16,842.58,1685.16,1685.16,1263.87,1263.87,842.58,842.58,Connection of the cables into Elia sub-station,123940.54
C2012-08_194,2013-05-19T06:00:00+00:00,16.0,12800.0,54600.0,0.0,0.0,2062.44,2124.31,1416.21,708.1,708.1,354.05,1062.16,0.0,1416.21,1416.21,708.1,708.1,1062.16,708.1,1770.26,1416.21,1062.16,708.1,1062.16,1770.26,1416.21,1770.26,708.1,354.05,1062.16,708.1,1416.21,708.1,1416.21,1416.21,1062.16,1062.16,708.1,708.1,Electrical commissioning tests on the onshore cable connections,104159.53
C2012-08_149,2013-05-14T06:00:00+00:00,160.0,220800.0,0.0,512000.0,128000.0,26592.0,27389.76,18259.84,9129.92,9129.92,4564.96,13694.88,0.0,18259.84,18259.84,9129.92,9129.92,13694.88,9129.92,22824.8,18259.84,13694.88,9129.92,13694.88,22824.8,18259.84,22824.8,9129.92,4564.96,13694.88,9129.92,18259.84,9129.92,18259.84,18259.84,13694.88,13694.88,9129.92,9129.92,Export cable laying on sea bed between coast and OTS,1334758.08
C2012-08_150,2013-05-24T06:00:00+00:00,16.0,16000.0,0.0,20800.0,5200.0,1291.2,1329.94,886.62,443.31,443.31,221.66,664.97,0.0,886.62,886.62,443.31,443.31,664.97,443.31,1108.28,886.62,664.97,443.31,664.97,1108.28,886.62,1108.28,443.31,221.66,664.97,443.31,886.62,443.31,886.62,886.62,664.97,664.97,443.31,443.31,Landfall cable pull,65013.46
C2012-08_195,2013-05-25T06:00:00+00:00,16.0,12800.0,12500.0,0.0,0.0,774.18,797.4,531.6,265.8,265.8,132.9,398.7,0.0,531.6,531.6,265.8,265.8,398.7,265.8,664.5,531.6,398.7,265.8,398.7,664.5,531.6,664.5,265.8,132.9,398.7,265.8,531.6,265.8,531.6,531.6,398.7,398.7,265.8,265.8,Making joint between sea cable and land cable,39098.38
C2012-08_151,2013-05-26T06:00:00+00:00,48.0,72000.0,97000.0,156000.0,39000.0,11154.0,11488.62,7659.08,3829.54,3829.54,1914.77,5744.31,0.0,7659.08,7659.08,3829.54,3829.54,5744.31,3829.54,9573.85,7659.08,5744.31,3829.54,5744.31,9573.85,7659.08,9573.85,3829.54,1914.77,5744.31,3829.54,7659.08,3829.54,7659.08,7659.08,5744.31,5744.31,3829.54,3829.54,Backfilling of cable trench,562801.46
C2012-08_152,2013-09-18T07:00:00+00:00,16.0,28160.0,12500.0,0.0,0.0,1244.2,1281.52,854.35,427.17,427.17,213.59,640.76,0.0,854.35,854.35,427.17,427.17,640.76,427.17,1067.93,854.35,640.76,427.17,640.76,1067.93,854.35,1067.93,427.17,213.59,640.76,427.17,854.35,427.17,854.35,854.35,640.76,640.76,427.17,427.17,Export cable pull in OTS,62835.68
C2012-08_153,2013-09-19T07:00:00+00:00,32.0,25600.0,12500.0,0.0,0.0,1165.86,1200.84,800.56,400.28,400.28,200.14,600.42,0.0,800.56,800.56,400.28,400.28,600.42,400.28,1000.7,800.56,600.42,400.28,600.42,1000.7,800.56,1000.7,400.28,200.14,600.42,400.28,800.56,400.28,800.56,800.56,600.42,600.42,400.28,400.28,Complete connection of cable conductors and fibre optics,58879.58
C2012-08_154,2013-09-21T07:00:00+00:00,16.0,12800.0,34600.0,0.0,0.0,1450.44,1493.95,995.97,497.98,497.98,248.99,746.98,0.0,995.97,995.97,497.98,497.98,746.98,497.98,1244.96,995.97,746.98,497.98,746.98,1244.96,995.97,1244.96,497.98,248.99,746.98,497.98,995.97,497.98,995.97,995.97,746.98,746.98,497.98,497.98,Testing 24 hours connection of cable conductors and fibre optics,73251.65
C2012-08_156,2013-05-28T06:00:00+00:00,16.0,0.0,325000.0,0.0,0.0,9945.0,10243.35,6828.9,3414.45,3414.45,1707.22,5121.68,0.0,6828.9,6828.9,3414.45,3414.45,5121.68,3414.45,8536.12,6828.9,5121.68,3414.45,5121.68,8536.12,6828.9,8536.12,3414.45,1707.22,5121.68,3414.45,6828.9,3414.45,6828.9,6828.9,5121.68,5121.68,3414.45,3414.45,Delivery of rock on Halve Maan site,502253.06
C2012-08_157,2013-05-29T06:00:00+00:00,16.0,4160.0,0.0,53120.0,13280.0,2196.48,2262.37,1508.25,754.12,754.12,377.06,1131.19,0.0,1508.25,1508.25,754.12,754.12,1131.19,754.12,1885.31,1508.25,1131.19,754.12,1131.19,1885.31,1508.25,1885.31,754.12,377.06,1131.19,754.12,1508.25,754.12,1508.25,1508.25,1131.19,1131.19,754.12,754.12,Mobilizing rock dumping vessel,109708.55
C2012-08_158,2013-05-30T06:00:00+00:00,16.0,4160.0,0.0,53120.0,13280.0,2196.48,2262.37,1508.25,754.12,754.12,377.06,1131.19,0.0,1508.25,1508.25,754.12,754.12,1131.19,754.12,1885.31,1508.25,1131.19,754.12,1131.19,1885.31,1508.25,1885.31,754.12,377.06,1131.19,754.12,1508.25,754.12,1508.25,1508.25,1131.19,1131.19,754.12,754.12,Rock dumping on PEC crossing and Interconnector South,109708.55
