id,project_id,task_name,task_type,status,baseline_start,type,base_cost,total_cost,risk_factor,duration_months,duration_weeks,duration_days,duration_hours,calendar_type,internal_labor_cost,overtime_cost,equipment_fuel_cost,qa_qc_cost,material_cost,outsourcing_cost,training_cost,facility_rent,communication_cost,utilities_cost,insurance_cost,licensing_cost,warranty_cost,complexity,weather_contingency,general_contingency,rework_risk,holding_cost,international_freight,handling_cost,reverse_logistics,defect_cost,overtime_hours,lag_time,metadata_json
17_305,17,Installation of the jacket foundations 17,,Pending,2013-08-27 06:00:00,,146240.00,182800.00,1.2500,0.00,0.00,1.00,16.00,,88320.00,0.00,57920.00,0.00,0.00,0.00,0.00,0.00,0.00,0.00,0.00,0.00,0.00,0.0300,0.1700,0.0500,0.0000,0.00,0.00,0.00,0.00,0.00,0.00,,{}
17_306,17,Installation of the jacket foundations 18,,Pending,2013-09-05 06:00:00,,146240.00,182800.00,1.2500,0.00,0.00,1.00,16.00,,88320.00,0.00,57920.00,0.00,0.00,0.00,0.00,0.00,0.00,0.00,0.00,0.00,0.00,0.0300,0.1700,0.0500,0.0000,0.00,0.00,0.00,0.00,0.00,0.00,,{}
17_307,17,Installation of the jacket foundations 19,,Pending,2013-09-14 06:00:00,,146240.00,182800.00,1.2500,0.00,0.00,1.00,16.00,,88320.00,0.00,57920.00,0.00,0.00,0.00,0.00,0.00,0.00,0.00,0.00,0.00,0.00,0.0300,0.1700,0.0500,0.0000,0.00,0.00,0.00,0.00,0.00,0.00,,{}
17_308,17,Installation of the jacket foundations 20,,Pending,2013-09-23 06:00:00,,146240.00,182800.00,1.2500,0.00,0.00,1.00,16.00,,88320.00,0.00,57920.00,0.00,0.00,0.00,0.00,0.00,0.00,0.00,0.00,0.00,0.00,0.0300,0.1700,0.0500,0.0000,0.00,0.00,0.00,0.00,0.00,0.00,,{}
17_309,17,Installation of the jacket foundations 21,,Pending,2013-10-02 06:00:00,,146240.00,182800.00,1.2500,0.00,0.00,1.00,16.00,,88320.00,0.00,57920.00,0.00,0.00,0.00,0.00,0.00,0.00,0.00,0.00,0.00,0.00,0.0300,0.1700,0.0500,0.0000,0.00,0.00,0.00,0.00,0.00,0.00,,{}
17_31,17,Transport (Hoboken to Vlissingen) 1,,Pending,2013-04-03 06:00:00,,14500.00,15370.00,1.0600,0.00,0.00,1.00,16.00,,0.00,0.00,0.00,0.00,14500.00,0.00,0.00,0.00,0.00,0.00,0.00,0.00,0.00,0.0015,0.0085,0.0500,0.0000,0.00,0.00,0.00,0.00,0.00,0.00,,{}
17_310,17,Installation of the jacket foundations 22,,Pending,2013-10-11 06:00:00,,146240.00,182800.00,1.2500,0.00,0.00,1.00,16.00,,88320.00,0.00,57920.00,0.00,0.00,0.00,0.00,0.00,0.00,0.00,0.00,0.00,0.00,0.0300,0.1700,0.0500,0.0000,0.00,0.00,0.00,0.00,0.00,0.00,,{}
17_311,17,Installation of the jacket foundations 23,,Pending,2013-10-20 06:00:00,,146240.00,182800.00,1.2500,0.00,0.00,1.00,16.00,,88320.00,0.00,57920.00,0.00,0.00,0.00,0.00,0.00,0.00,0.00,0.00,0.00,0.00,0.0300,0.1700,0.0500,0.0000,0.00,0.00,0.00,0.00,0.00,0.00,,{}
17_312,17,Installation of the jacket foundations 24,,Pending,2013-10-29 06:00:00,,146240.00,182800.00,1.2500,0.00,0.00,1.00,16.00,,88320.00,0.00,57920.00,0.00,0.00,0.00,0.00,0.00,0.00,0.00,0.00,0.00,0.00,0.0300,0.1700,0.0500,0.0000,0.00,0.00,0.00,0.00,0.00,0.00,,{}
17_313,17,Transport of the jacket foundations 1,,Pending,2013-05-04 06:00:00,,44800.00,56000.00,1.2500,0.00,0.00,1.00,16.00,,24800.00,0.00,20000.00,0.00,0.00,0.00,0.00,0.00,0.00,0.00,0.00,0.00,0.00,0.0300,0.1700,0.0500,0.0000,0.00,0.00,0.00,0.00,0.00,0.00,,{}
17_314,17,Transport of the jacket foundations 2,,Pending,2013-05-03 06:00:00,,44800.00,56000.00,1.2500,0.00,0.00,1.00,16.00,,24800.00,0.00,20000.00,0.00,0.00,0.00,0.00,0.00,0.00,0.00,0.00,0.00,0.00,0.0300,0.1700,0.0500,0.0000,0.00,0.00,0.00,0.00,0.00,0.00,,{}
17_315,17,Transport of the jacket foundations 3,,Pending,2013-04-29 06:00:00,,44800.00,56000.00,1.2500,0.00,0.00,1.00,16.00,,24800.00,0.00,20000.00,0.00,0.00,0.00,0.00,0.00,0.00,0.00,0.00,0.00,0.00,0.0300,0.1700,0.0500,0.0000,0.00,0.00,0.00,0.00,0.00,0.00,,{}
17_316,17,Transport of the jacket foundations 4,,Pending,2013-05-02 06:00:00,,44800.00,56000.00,1.2500,0.00,0.00,1.00,16.00,,24800.00,0.00,20000.00,0.00,0.00,0.00,0.00,0.00,0.00,0.00,0.00,0.00,0.00,0.0300,0.1700,0.0500,0.0000,0.00,0.00,0.00,0.00,0.00,0.00,,{}
17_317,17,Transport of the jacket foundations 5,,Pending,2013-05-14 06:00:00,,44800.00,56000.00,1.2500,0.00,0.00,1.00,16.00,,24800.00,0.00,20000.00,0.00,0.00,0.00,0.00,0.00,0.00,0.00,0.00,0.00,0.00,0.0300,0.1700,0.0500,0.0000,0.00,0.00,0.00,0.00,0.00,0.00,,{}
17_318,17,Transport of the jacket foundations 6,,Pending,2013-05-19 06:00:00,,44800.00,56000.00,1.2500,0.00,0.00,1.00,16.00,,24800.00,0.00,20000.00,0.00,0.00,0.00,0.00,0.00,0.00,0.00,0.00,0.00,0.00,0.0300,0.1700,0.0500,0.0000,0.00,0.00,0.00,0.00,0.00,0.00,,{}
17_319,17,Transport of the jacket foundations 7,,Pending,2013-05-28 06:00:00,,44800.00,56000.00,1.2500,0.00,0.00,1.00,16.00,,24800.00,0.00,20000.00,0.00,0.00,0.00,0.00,0.00,0.00,0.00,0.00,0.00,0.00,0.0300,0.1700,0.0500,0.0000,0.00,0.00,0.00,0.00,0.00,0.00,,{}
17_320,17,Transport of the jacket foundations 8,,Pending,2013-06-06 06:00:00,,44800.00,56000.00,1.2500,0.00,0.00,1.00,16.00,,24800.00,0.00,20000.00,0.00,0.00,0.00,0.00,0.00,0.00,0.00,0.00,0.00,0.00,0.0300,0.1700,0.0500,0.0000,0.00,0.00,0.00,0.00,0.00,0.00,,{}
17_321,17,Transport of the jacket foundations 9,,Pending,2013-06-15 06:00:00,,44800.00,56000.00,1.2500,0.00,0.00,1.00,16.00,,24800.00,0.00,20000.00,0.00,0.00,0.00,0.00,0.00,0.00,0.00,0.00,0.00,0.00,0.0300,0.1700,0.0500,0.0000,0.00,0.00,0.00,0.00,0.00,0.00,,{}
17_322,17,Transport of the jacket foundations 10,,Pending,2013-06-24 06:00:00,,44800.00,56000.00,1.2500,0.00,0.00,1.00,16.00,,24800.00,0.00,20000.00,0.00,0.00,0.00,0.00,0.00,0.00,0.00,0.00,0.00,0.00,0.0300,0.1700,0.0500,0.0000,0.00,0.00,0.00,0.00,0.00,0.00,,{}
17_323,17,Transport of the jacket foundations 11,,Pending,2013-07-03 06:00:00,,44800.00,56000.00,1.2500,0.00,0.00,1.00,16.00,,24800.00,0.00,20000.00,0.00,0.00,0.00,0.00,0.00,0.00,0.00,0.00,0.00,0.00,0.0300,0.1700,0.0500,0.0000,0.00,0.00,0.00,0.00,0.00,0.00,,{}
17_324,17,Transport of the jacket foundations 12,,Pending,2013-07-12 06:00:00,,44800.00,56000.00,1.2500,0.00,0.00,1.00,16.00,,24800.00,0.00,20000.00,0.00,0.00,0.00,0.00,0.00,0.00,0.00,0.00,0.00,0.00,0.0300,0.1700,0.0500,0.0000,0.00,0.00,0.00,0.00,0.00,0.00,,{}
17_325,17,Transport of the jacket foundations 13,,Pending,2013-07-21 06:00:00,,44800.00,56000.00,1.2500,0.00,0.00,1.00,16.00,,24800.00,0.00,20000.00,0.00,0.00,0.00,0.00,0.00,0.00,0.00,0.00,0.00,0.00,0.0300,0.1700,0.0500,0.0000,0.00,0.00,0.00,0.00,0.00,0.00,,{}
17_326,17,Transport of the jacket foundations 14,,Pending,2013-07-30 06:00:00,,44800.00,56000.00,1.2500,0.00,0.00,1.00,16.00,,24800.00,0.00,20000.00,0.00,0.00,0.00,0.00,0.00,0.00,0.00,0.00,0.00,0.00,0.0300,0.1700,0.0500,0.0000,0.00,0.00,0.00,0.00,0.00,0.00,,{}
17_327,17,Transport of the jacket foundations 15,,Pending,2013-08-08 06:00:00,,44800.00,56000.00,1.2500,0.00,0.00,1.00,16.00,,24800.00,0.00,20000.00,0.00,0.00,0.00,0.00,0.00,0.00,0.00,0.00,0.00,0.00,0.0300,0.1700,0.0500,0.0000,0.00,0.00,0.00,0.00,0.00,0.00,,{}
17_328,17,Transport of the jacket foundations 16,,Pending,2013-08-17 06:00:00,,44800.00,56000.00,1.2500,0.00,0.00,1.00,16.00,,24800.00,0.00,20000.00,0.00,0.00,0.00,0.00,0.00,0.00,0.00,0.00,0.00,0.00,0.0300,0.1700,0.0500,0.0000,0.00,0.00,0.00,0.00,0.00,0.00,,{}
17_329,17,Transport of the jacket foundations 17,,Pending,2013-08-26 06:00:00,,44800.00,56000.00,1.2500,0.00,0.00,1.00,16.00,,24800.00,0.00,20000.00,0.00,0.00,0.00,0.00,0.00,0.00,0.00,0.00,0.00,0.00,0.0300,0.1700,0.0500,0.0000,0.00,0.00,0.00,0.00,0.00,0.00,,{}
17_330,17,Transport of the jacket foundations 18,,Pending,2013-09-04 06:00:00,,44800.00,56000.00,1.2500,0.00,0.00,1.00,16.00,,24800.00,0.00,20000.00,0.00,0.00,0.00,0.00,0.00,0.00,0.00,0.00,0.00,0.00,0.0300,0.1700,0.0500,0.0000,0.00,0.00,0.00,0.00,0.00,0.00,,{}
17_331,17,Transport of the jacket foundations 19,,Pending,2013-09-13 06:00:00,,44800.00,56000.00,1.2500,0.00,0.00,1.00,16.00,,24800.00,0.00,20000.00,0.00,0.00,0.00,0.00,0.00,0.00,0.00,0.00,0.00,0.00,0.0300,0.1700,0.0500,0.0000,0.00,0.00,0.00,0.00,0.00,0.00,,{}
17_332,17,Transport of the jacket foundations 20,,Pending,2013-09-22 06:00:00,,44800.00,56000.00,1.2500,0.00,0.00,1.00,16.00,,24800.00,0.00,20000.00,0.00,0.00,0.00,0.00,0.00,0.00,0.00,0.00,0.00,0.00,0.0300,0.1700,0.0500,0.0000,0.00,0.00,0.00,0.00,0.00,0.00,,{}
17_333,17,Transport of the jacket foundations 21,,Pending,2013-10-01 06:00:00,,44800.00,56000.00,1.2500,0.00,0.00,1.00,16.00,,24800.00,0.00,20000.00,0.00,0.00,0.00,0.00,0.00,0.00,0.00,0.00,0.00,0.00,0.0300,0.1700,0.0500,0.0000,0.00,0.00,0.00,0.00,0.00,0.00,,{}
17_334,17,Transport of the jacket foundations 22,,Pending,2013-10-10 06:00:00,,44800.00,56000.00,1.2500,0.00,0.00,1.00,16.00,,24800.00,0.00,20000.00,0.00,0.00,0.00,0.00,0.00,0.00,0.00,0.00,0.00,0.00,0.0300,0.1700,0.0500,0.0000,0.00,0.00,0.00,0.00,0.00,0.00,,{}
17_335,17,Transport of the jacket foundations 23,,Pending,2013-10-19 06:00:00,,44800.00,56000.00,1.2500,0.00,0.00,1.00,16.00,,24800.00,0.00,20000.00,0.00,0.00,0.00,0.00,0.00,0.00,0.00,0.00,0.00,0.00,0.0300,0.1700,0.0500,0.0000,0.00,0.00,0.00,0.00,0.00,0.00,,{}
17_336,17,Transport of the jacket foundations 24,,Pending,2013-10-28 06:00:00,,44800.00,56000.00,1.2500,0.00,0.00,1.00,16.00,,24800.00,0.00,20000.00,0.00,0.00,0.00,0.00,0.00,0.00,0.00,0.00,0.00,0.00,0.0300,0.1700,0.0500,0.0000,0.00,0.00,0.00,0.00,0.00,0.00,,{}
17_337,17,Assembly of midsection 2,,Pending,2013-03-25 06:00:00,,55100.00,68875.00,1.2500,0.00,0.00,9.00,144.00,,0.00,0.00,0.00,0.00,33060.00,22040.00,0.00,0.00,0.00,0.00,0.00,0.00,0.00,0.0300,0.1700,0.0500,0.0000,0.00,0.00,0.00,0.00,0.00,0.00,,{}
17_1,17,Fabrication of pre-piling template,,Pending,2013-04-20 06:00:00,,1044000.00,1305000.00,1.2500,0.00,0.00,15.00,240.00,,0.00,0.00,0.00,0.00,626400.00,417600.00,0.00,0.00,0.00,0.00,0.00,0.00,0.00,0.0300,0.1700,0.0500,0.0000,0.00,0.00,0.00,0.00,0.00,0.00,,{}
17_100,17,Rock dumping as scour protection around the OTS foundation,,Pending,2013-09-18 07:00:00,,241280.00,301600.00,1.2500,0.00,0.00,2.00,32.00,,135040.00,0.00,106240.00,0.00,0.00,0.00,0.00,0.00,0.00,0.00,0.00,0.00,0.00,0.0300,0.1700,0.0500,0.0000,0.00,0.00,0.00,0.00,0.00,0.00,,{}
17_101,17,GOSA mattresses installations above existing underground cables as protection,,Pending,2013-09-20 07:00:00,,1447680.00,1809600.00,1.2500,0.00,0.00,12.00,192.00,,810240.00,0.00,637440.00,0.00,0.00,0.00,0.00,0.00,0.00,0.00,0.00,0.00,0.00,0.0300,0.1700,0.0500,0.0000,0.00,0.00,0.00,0.00,0.00,0.00,,{}
17_102,17,Pre-grapnel run to remove obstacles from cable trajectories,,Pending,2013-10-02 07:00:00,,236160.00,295200.00,1.2500,0.00,0.00,2.00,32.00,,129920.00,0.00,106240.00,0.00,0.00,0.00,0.00,0.00,0.00,0.00,0.00,0.00,0.00,0.0300,0.1700,0.0500,0.0000,0.00,0.00,0.00,0.00,0.00,0.00,,{}
17_105,17,Transport,,Pending,2013-06-06 06:00:00,,715800.00,758748.00,1.0600,0.00,0.00,5.00,80.00,,312800.00,0.00,276000.00,0.00,127000.00,0.00,0.00,0.00,0.00,0.00,0.00,0.00,0.00,0.0015,0.0085,0.0500,0.0000,0.00,0.00,0.00,0.00,0.00,0.00,,{}
17_106,17,Pre-grapnel runs to remove obstacles,,Pending,2013-06-11 06:00:00,,126400.00,158000.00,1.2500,0.00,0.00,1.00,16.00,,73280.00,0.00,53120.00,0.00,0.00,0.00,0.00,0.00,0.00,0.00,0.00,0.00,0.00,0.0300,0.1700,0.0500,0.0000,0.00,0.00,0.00,0.00,0.00,0.00,,{}
17_107,17,Wet trials,,Pending,2013-06-12 06:00:00,,58080.00,72600.00,1.2500,0.00,0.00,1.00,16.00,,20480.00,0.00,0.00,0.00,37600.00,0.00,0.00,0.00,0.00,0.00,0.00,0.00,0.00,0.0300,0.1700,0.0500,0.0000,0.00,0.00,0.00,0.00,0.00,0.00,,{}
17_108,17,Cable laying works,,Pending,2013-10-31 06:00:00,,5713920.00,7142400.00,1.2500,0.00,0.00,48.00,768.00,,3217920.00,0.00,2496000.00,0.00,0.00,0.00,0.00,0.00,0.00,0.00,0.00,0.00,0.00,0.0300,0.1700,0.0500,0.0000,0.00,0.00,0.00,0.00,0.00,0.00,,{}
17_109,17,Final hang off of the cables in the WTG foundations,,Pending,2013-11-05 06:00:00,,1228800.00,1536000.00,1.2500,0.00,0.00,48.00,768.00,,1228800.00,0.00,0.00,0.00,0.00,0.00,0.00,0.00,0.00,0.00,0.00,0.00,0.00,0.0300,0.1700,0.0500,0.0000,0.00,0.00,0.00,0.00,0.00,0.00,,{}
17_11,17,Continious delivery of pin-piles,,Pending,2013-03-01 06:00:00,,19200.00,24000.00,1.2500,0.00,0.00,25.00,400.00,,0.00,0.00,0.00,0.00,0.00,0.00,0.00,0.00,0.00,0.00,0.00,0.00,0.00,0.0300,0.1700,0.0500,0.0000,3840.00,15360.00,0.00,0.00,0.00,0.00,,{}
17_110,17,Burial of cables,,Pending,2013-12-23 06:00:00,,1292800.00,1616000.00,1.2500,0.00,0.00,10.00,160.00,,772800.00,0.00,520000.00,0.00,0.00,0.00,0.00,0.00,0.00,0.00,0.00,0.00,0.00,0.0300,0.1700,0.0500,0.0000,0.00,0.00,0.00,0.00,0.00,0.00,,{}
17_111,17,Survey of burial depths,,Pending,2014-01-02 06:00:00,,20480.00,27648.00,1.3500,0.00,0.00,2.00,32.00,,20480.00,0.00,0.00,0.00,0.00,0.00,0.00,0.00,0.00,0.00,0.00,0.00,0.00,0.0300,0.1700,0.0500,0.1000,0.00,0.00,0.00,0.00,0.00,0.00,,{}
17_112,17,Second remedial burial pass if necessary,,Pending,2014-01-04 06:00:00,,517120.00,672256.00,1.3000,0.00,0.00,4.00,64.00,,309120.00,0.00,208000.00,0.00,0.00,0.00,0.00,0.00,0.00,0.00,0.00,0.00,0.00,0.0300,0.1700,0.1000,0.0000,0.00,0.00,0.00,0.00,0.00,0.00,,{}
17_12,17,OTS: drive 4 pin-piles for OTS foundation into seabed,,Pending,2013-05-17 06:00:00,,265600.00,332000.00,1.2500,0.00,0.00,2.00,32.00,,163200.00,0.00,102400.00,0.00,0.00,0.00,0.00,0.00,0.00,0.00,0.00,0.00,0.00,0.0300,0.1700,0.0500,0.0000,0.00,0.00,0.00,0.00,0.00,0.00,,{}
17_126,17,Pre-lay grapnel run on trajectory,,Pending,2013-02-04 06:00:00,,236160.00,295200.00,1.2500,0.00,0.00,2.00,32.00,,129920.00,0.00,106240.00,0.00,0.00,0.00,0.00,0.00,0.00,0.00,0.00,0.00,0.00,0.0300,0.1700,0.0500,0.0000,0.00,0.00,0.00,0.00,0.00,0.00,,{}
17_128,17,Purchase of raw materials,,Pending,2013-02-09 06:00:00,,1470000.00,1558200.00,1.0600,0.00,0.00,70.00,1120.00,,0.00,0.00,0.00,0.00,1470000.00,0.00,0.00,0.00,0.00,0.00,0.00,0.00,0.00,0.0015,0.0085,0.0500,0.0000,0.00,0.00,0.00,0.00,0.00,0.00,,{}
17_129,17,Manufacturing in Karlskrona Sweden,,Pending,2013-03-31 06:00:00,,625600.00,663136.00,1.0600,0.00,0.00,40.00,640.00,,0.00,0.00,0.00,0.00,625600.00,0.00,0.00,0.00,0.00,0.00,0.00,0.00,0.00,0.0015,0.0085,0.0500,0.0000,0.00,0.00,0.00,0.00,0.00,0.00,,{}
17_13,17,Turbine1: drive 4 pin-piles for jacket foundation into seabed,,Pending,2013-05-21 06:00:00,,265600.00,332000.00,1.2500,0.00,0.00,2.00,32.00,,163200.00,0.00,102400.00,0.00,0.00,0.00,0.00,0.00,0.00,0.00,0.00,0.00,0.00,0.0300,0.1700,0.0500,0.0000,0.00,0.00,0.00,0.00,0.00,0.00,,{}
17_130,17,Mobilisation of Stemat Spirit,,Pending,2013-05-05 06:00:00,,560570.00,700712.50,1.2500,0.00,0.00,5.00,80.00,,284000.00,0.00,260000.00,0.00,0.00,0.00,0.00,0.00,0.00,0.00,0.00,0.00,0.00,0.0300,0.1700,0.0500,0.0000,3314.00,13256.00,0.00,0.00,0.00,0.00,,{}
17_131,17,Transport Sweden-Ostend,,Pending,2013-05-10 06:00:00,,501860.00,627325.00,1.2500,0.00,0.00,4.00,64.00,,252800.00,0.00,233600.00,0.00,15460.00,0.00,0.00,0.00,0.00,0.00,0.00,0.00,0.00,0.0300,0.1700,0.0500,0.0000,0.00,0.00,0.00,0.00,0.00,0.00,,{}
17_133,17,Dredging to widen shipping lane Vaargeul1,,Pending,2013-05-04 06:00:00,,737600.00,922000.00,1.2500,0.00,0.00,5.00,80.00,,369600.00,0.00,256000.00,0.00,0.00,0.00,0.00,0.00,0.00,0.00,0.00,0.00,0.00,0.0300,0.1700,0.0500,0.0000,22400.00,89600.00,0.00,0.00,0.00,0.00,,{}
17_134,17,Prepare trench where export cable B (150kV) is crossing Vaargeul1,,Pending,2013-05-09 06:00:00,,844600.00,1055750.00,1.2500,0.00,0.00,5.00,80.00,,369600.00,0.00,256000.00,0.00,219000.00,0.00,0.00,0.00,0.00,0.00,0.00,0.00,0.00,0.0300,0.1700,0.0500,0.0000,0.00,0.00,0.00,0.00,0.00,0.00,,{}
17_136,17,Delivery of pipes to be drilled,,Pending,2013-02-18 06:00:00,,103570.00,134641.00,1.3000,0.00,0.00,60.00,960.00,,0.00,0.00,0.00,0.00,0.00,0.00,0.00,0.00,0.00,0.00,0.00,0.00,0.00,0.0300,0.1700,0.1000,0.0000,20714.00,82856.00,0.00,0.00,0.00,0.00,,{}
17_137,17,Directional drillings on land,,Pending,2013-04-09 06:00:00,,1682200.00,2102750.00,1.2500,0.00,0.00,15.00,240.00,,883200.00,0.00,576000.00,0.00,223000.00,0.00,0.00,0.00,0.00,0.00,0.00,0.00,0.00,0.0300,0.1700,0.0500,0.0000,0.00,0.00,0.00,0.00,0.00,0.00,,{}
17_138,17,Pulling welded pipe in through drilling hole,,Pending,2013-04-24 06:00:00,,182400.00,228000.00,1.2500,0.00,0.00,3.00,48.00,,120000.00,0.00,62400.00,0.00,0.00,0.00,0.00,0.00,0.00,0.00,0.00,0.00,0.00,0.0300,0.1700,0.0500,0.0000,0.00,0.00,0.00,0.00,0.00,0.00,,{}
17_139,17,Factory Acceptance Tests on land cables,,Pending,2013-04-27 06:00:00,,38100.00,47625.00,1.2500,0.00,0.00,2.00,32.00,,25600.00,0.00,0.00,0.00,12500.00,0.00,0.00,0.00,0.00,0.00,0.00,0.00,0.00,0.0300,0.1700,0.0500,0.0000,0.00,0.00,0.00,0.00,0.00,0.00,,{}
17_14,17,Turbine2: drive 4 pin-piles for jacket foundation into seabed,,Pending,2013-05-25 06:00:00,,265600.00,332000.00,1.2500,0.00,0.00,2.00,32.00,,163200.00,0.00,102400.00,0.00,0.00,0.00,0.00,0.00,0.00,0.00,0.00,0.00,0.00,0.0300,0.1700,0.0500,0.0000,0.00,0.00,0.00,0.00,0.00,0.00,,{}
17_140,17,Cable laying onshore between export cable landing and Elia sub-station,,Pending,2013-05-12 06:00:00,,351000.00,438750.00,1.2500,0.00,0.00,5.00,80.00,,212800.00,0.00,120000.00,0.00,18200.00,0.00,0.00,0.00,0.00,0.00,0.00,0.00,0.00,0.0300,0.1700,0.0500,0.0000,0.00,0.00,0.00,0.00,0.00,0.00,,{}
17_141,17,Connection of the cables into Elia sub-station,,Pending,2013-05-17 06:00:00,,80200.00,100250.00,1.2500,0.00,0.00,2.00,32.00,,25600.00,0.00,0.00,0.00,54600.00,0.00,0.00,0.00,0.00,0.00,0.00,0.00,0.00,0.0300,0.1700,0.0500,0.0000,0.00,0.00,0.00,0.00,0.00,0.00,,{}
17_149,17,Export cable laying on sea bed between coast and OTS,,Pending,2013-05-14 06:00:00,,1244800.00,1556000.00,1.2500,0.00,0.00,10.00,160.00,,732800.00,0.00,512000.00,0.00,0.00,0.00,0.00,0.00,0.00,0.00,0.00,0.00,0.00,0.0300,0.1700,0.0500,0.0000,0.00,0.00,0.00,0.00,0.00,0.00,,{}
17_150,17,Landfall cable pull,,Pending,2013-05-24 06:00:00,,57600.00,72000.00,1.2500,0.00,0.00,1.00,16.00,,36800.00,0.00,20800.00,0.00,0.00,0.00,0.00,0.00,0.00,0.00,0.00,0.00,0.00,0.0300,0.1700,0.0500,0.0000,0.00,0.00,0.00,0.00,0.00,0.00,,{}
17_151,17,Backfilling of cable trench,,Pending,2013-05-26 06:00:00,,481000.00,601250.00,1.2500,0.00,0.00,3.00,48.00,,228000.00,0.00,156000.00,0.00,97000.00,0.00,0.00,0.00,0.00,0.00,0.00,0.00,0.00,0.0300,0.1700,0.0500,0.0000,0.00,0.00,0.00,0.00,0.00,0.00,,{}
17_152,17,Export cable pull in OTS,,Pending,2013-09-18 07:00:00,,40660.00,50825.00,1.2500,0.00,0.00,1.00,16.00,,28160.00,0.00,0.00,0.00,12500.00,0.00,0.00,0.00,0.00,0.00,0.00,0.00,0.00,0.0300,0.1700,0.0500,0.0000,0.00,0.00,0.00,0.00,0.00,0.00,,{}
17_153,17,Complete connection of cable conductors and fibre optics,,Pending,2013-09-19 07:00:00,,38100.00,47625.00,1.2500,0.00,0.00,2.00,32.00,,25600.00,0.00,0.00,0.00,12500.00,0.00,0.00,0.00,0.00,0.00,0.00,0.00,0.00,0.0300,0.1700,0.0500,0.0000,0.00,0.00,0.00,0.00,0.00,0.00,,{}
17_156,17,Delivery of rock on Halve Maan site,,Pending,2013-05-28 06:00:00,,325000.00,344500.00,1.0600,0.00,0.00,1.00,16.00,,0.00,0.00,0.00,0.00,0.00,0.00,0.00,0.00,0.00,0.00,0.00,0.00,0.00,0.0015,0.0085,0.0500,0.0000,65000.00,260000.00,0.00,0.00,0.00,0.00,,{}
17_157,17,Mobilizing rock dumping vessel,,Pending,2013-05-29 06:00:00,,110400.00,138000.00,1.2500,0.00,0.00,1.00,16.00,,57280.00,0.00,53120.00,0.00,0.00,0.00,0.00,0.00,0.00,0.00,0.00,0.00,0.00,0.0300,0.1700,0.0500,0.0000,0.00,0.00,0.00,0.00,0.00,0.00,,{}
17_158,17,Rock dumping on PEC crossing and Interconnector South,,Pending,2013-05-30 06:00:00,,110400.00,138000.00,1.2500,0.00,0.00,1.00,16.00,,57280.00,0.00,53120.00,0.00,0.00,0.00,0.00,0.00,0.00,0.00,0.00,0.00,0.00,0.0300,0.1700,0.0500,0.0000,0.00,0.00,0.00,0.00,0.00,0.00,,{}
17_16,17,Dredging and cleaning of pin-piles,,Pending,2013-05-19 06:00:00,,134080.00,167600.00,1.2500,0.00,0.00,1.00,16.00,,80960.00,0.00,53120.00,0.00,0.00,0.00,0.00,0.00,0.00,0.00,0.00,0.00,0.00,0.0300,0.1700,0.0500,0.0000,0.00,0.00,0.00,0.00,0.00,0.00,,{}
17_17,17,Install pin-pile covers on the piles,,Pending,2013-05-20 06:00:00,,131520.00,164400.00,1.2500,0.00,0.00,1.00,16.00,,80320.00,0.00,51200.00,0.00,0.00,0.00,0.00,0.00,0.00,0.00,0.00,0.00,0.00,0.0300,0.1700,0.0500,0.0000,0.00,0.00,0.00,0.00,0.00,0.00,,{}
17_193,17,Welding pipes together,,Pending,2013-04-19 06:00:00,,259600.00,275176.00,1.0600,0.00,0.00,5.00,80.00,,105600.00,0.00,16000.00,0.00,82800.00,55200.00,0.00,0.00,0.00,0.00,0.00,0.00,0.00,0.0015,0.0085,0.0500,0.0000,0.00,0.00,0.00,0.00,0.00,0.00,,{}
17_194,17,Electrical commissioning tests on the onshore cable connections,,Pending,2013-05-19 06:00:00,,67400.00,90990.00,1.3500,0.00,0.00,1.00,16.00,,12800.00,0.00,0.00,54600.00,0.00,0.00,0.00,0.00,0.00,0.00,0.00,0.00,0.00,0.0300,0.1700,0.0500,0.1000,0.00,0.00,0.00,0.00,0.00,0.00,,{}
17_195,17,Making joint between sea cable and land cable,,Pending,2013-05-25 06:00:00,,25300.00,31625.00,1.2500,0.00,0.00,1.00,16.00,,12800.00,0.00,0.00,0.00,12500.00,0.00,0.00,0.00,0.00,0.00,0.00,0.00,0.00,0.0300,0.1700,0.0500,0.0000,0.00,0.00,0.00,0.00,0.00,0.00,,{}
17_196,17,Turbine3: drive 4 pin-piles for jacket foundation into seabed,,Pending,2013-05-29 06:00:00,,265600.00,332000.00,1.2500,0.00,0.00,2.00,32.00,,163200.00,0.00,102400.00,0.00,0.00,0.00,0.00,0.00,0.00,0.00,0.00,0.00,0.00,0.0300,0.1700,0.0500,0.0000,0.00,0.00,0.00,0.00,0.00,0.00,,{}
17_197,17,Turbine4: drive 4 pin-piles for jacket foundation into seabed,,Pending,2013-06-02 06:00:00,,265600.00,332000.00,1.2500,0.00,0.00,2.00,32.00,,163200.00,0.00,102400.00,0.00,0.00,0.00,0.00,0.00,0.00,0.00,0.00,0.00,0.00,0.0300,0.1700,0.0500,0.0000,0.00,0.00,0.00,0.00,0.00,0.00,,{}
17_198,17,Turbine5: drive 4 pin-piles for jacket foundation into seabed,,Pending,2013-06-06 06:00:00,,265600.00,332000.00,1.2500,0.00,0.00,2.00,32.00,,163200.00,0.00,102400.00,0.00,0.00,0.00,0.00,0.00,0.00,0.00,0.00,0.00,0.00,0.0300,0.1700,0.0500,0.0000,0.00,0.00,0.00,0.00,0.00,0.00,,{}
17_199,17,Turbine6: drive 4 pin-piles for jacket foundation into seabed,,Pending,2013-06-11 06:00:00,,265600.00,332000.00,1.2500,0.00,0.00,2.00,32.00,,163200.00,0.00,102400.00,0.00,0.00,0.00,0.00,0.00,0.00,0.00,0.00,0.00,0.00,0.0300,0.1700,0.0500,0.0000,0.00,0.00,0.00,0.00,0.00,0.00,,{}
17_2,17,Transportation of template and mounting on Jack Up Platform Buzzard,,Pending,2013-05-05 06:00:00,,58000.00,72500.00,1.2500,0.00,0.00,10.00,160.00,,0.00,0.00,0.00,0.00,0.00,0.00,0.00,0.00,0.00,0.00,0.00,0.00,0.00,0.0300,0.1700,0.0500,0.0000,11600.00,46400.00,0.00,0.00,0.00,0.00,,{}
17_200,17,Turbine7: drive 4 pin-piles for jacket foundation into seabed,,Pending,2013-06-15 06:00:00,,265600.00,332000.00,1.2500,0.00,0.00,2.00,32.00,,163200.00,0.00,102400.00,0.00,0.00,0.00,0.00,0.00,0.00,0.00,0.00,0.00,0.00,0.0300,0.1700,0.0500,0.0000,0.00,0.00,0.00,0.00,0.00,0.00,,{}
17_201,17,Turbine8: drive 4 pin-piles for jacket foundation into seabed,,Pending,2013-06-19 06:00:00,,265600.00,332000.00,1.2500,0.00,0.00,2.00,32.00,,163200.00,0.00,102400.00,0.00,0.00,0.00,0.00,0.00,0.00,0.00,0.00,0.00,0.00,0.0300,0.1700,0.0500,0.0000,0.00,0.00,0.00,0.00,0.00,0.00,,{}
17_202,17,Turbine9: drive 4 pin-piles for jacket foundation into seabed,,Pending,2013-06-23 06:00:00,,265600.00,332000.00,1.2500,0.00,0.00,2.00,32.00,,163200.00,0.00,102400.00,0.00,0.00,0.00,0.00,0.00,0.00,0.00,0.00,0.00,0.00,0.0300,0.1700,0.0500,0.0000,0.00,0.00,0.00,0.00,0.00,0.00,,{}
17_203,17,Turbine10: drive 4 pin-piles for jacket foundation into seabed,,Pending,2013-06-27 06:00:00,,265600.00,332000.00,1.2500,0.00,0.00,2.00,32.00,,163200.00,0.00,102400.00,0.00,0.00,0.00,0.00,0.00,0.00,0.00,0.00,0.00,0.00,0.0300,0.1700,0.0500,0.0000,0.00,0.00,0.00,0.00,0.00,0.00,,{}
17_204,17,Turbine11: drive 4 pin-piles for jacket foundation into seabed,,Pending,2013-07-01 06:00:00,,265600.00,332000.00,1.2500,0.00,0.00,2.00,32.00,,163200.00,0.00,102400.00,0.00,0.00,0.00,0.00,0.00,0.00,0.00,0.00,0.00,0.00,0.0300,0.1700,0.0500,0.0000,0.00,0.00,0.00,0.00,0.00,0.00,,{}
17_205,17,Turbine12: drive 4 pin-piles for jacket foundation into seabed,,Pending,2013-07-05 06:00:00,,265600.00,332000.00,1.2500,0.00,0.00,2.00,32.00,,163200.00,0.00,102400.00,0.00,0.00,0.00,0.00,0.00,0.00,0.00,0.00,0.00,0.00,0.0300,0.1700,0.0500,0.0000,0.00,0.00,0.00,0.00,0.00,0.00,,{}
17_206,17,Turbine13: drive 4 pin-piles for jacket foundation into seabed,,Pending,2013-07-09 06:00:00,,265600.00,332000.00,1.2500,0.00,0.00,2.00,32.00,,163200.00,0.00,102400.00,0.00,0.00,0.00,0.00,0.00,0.00,0.00,0.00,0.00,0.00,0.0300,0.1700,0.0500,0.0000,0.00,0.00,0.00,0.00,0.00,0.00,,{}
17_207,17,Turbine14: drive 4 pin-piles for jacket foundation into seabed,,Pending,2013-07-13 06:00:00,,265600.00,332000.00,1.2500,0.00,0.00,2.00,32.00,,163200.00,0.00,102400.00,0.00,0.00,0.00,0.00,0.00,0.00,0.00,0.00,0.00,0.00,0.0300,0.1700,0.0500,0.0000,0.00,0.00,0.00,0.00,0.00,0.00,,{}
17_208,17,Turbine15: drive 4 pin-piles for jacket foundation into seabed,,Pending,2013-07-17 06:00:00,,265600.00,332000.00,1.2500,0.00,0.00,2.00,32.00,,163200.00,0.00,102400.00,0.00,0.00,0.00,0.00,0.00,0.00,0.00,0.00,0.00,0.00,0.0300,0.1700,0.0500,0.0000,0.00,0.00,0.00,0.00,0.00,0.00,,{}
17_209,17,Turbine16: drive 4 pin-piles for jacket foundation into seabed,,Pending,2013-07-21 06:00:00,,265600.00,332000.00,1.2500,0.00,0.00,2.00,32.00,,163200.00,0.00,102400.00,0.00,0.00,0.00,0.00,0.00,0.00,0.00,0.00,0.00,0.00,0.0300,0.1700,0.0500,0.0000,0.00,0.00,0.00,0.00,0.00,0.00,,{}
17_210,17,Turbine17: drive 4 pin-piles for jacket foundation into seabed,,Pending,2013-07-25 06:00:00,,265600.00,332000.00,1.2500,0.00,0.00,2.00,32.00,,163200.00,0.00,102400.00,0.00,0.00,0.00,0.00,0.00,0.00,0.00,0.00,0.00,0.00,0.0300,0.1700,0.0500,0.0000,0.00,0.00,0.00,0.00,0.00,0.00,,{}
17_211,17,Turbine18: drive 4 pin-piles for jacket foundation into seabed,,Pending,2013-07-29 06:00:00,,265600.00,332000.00,1.2500,0.00,0.00,2.00,32.00,,163200.00,0.00,102400.00,0.00,0.00,0.00,0.00,0.00,0.00,0.00,0.00,0.00,0.00,0.0300,0.1700,0.0500,0.0000,0.00,0.00,0.00,0.00,0.00,0.00,,{}
17_212,17,Turbine19: drive 4 pin-piles for jacket foundation into seabed,,Pending,2013-08-02 06:00:00,,265600.00,332000.00,1.2500,0.00,0.00,2.00,32.00,,163200.00,0.00,102400.00,0.00,0.00,0.00,0.00,0.00,0.00,0.00,0.00,0.00,0.00,0.0300,0.1700,0.0500,0.0000,0.00,0.00,0.00,0.00,0.00,0.00,,{}
17_213,17,Turbine20: drive 4 pin-piles for jacket foundation into seabed,,Pending,2013-08-06 06:00:00,,265600.00,332000.00,1.2500,0.00,0.00,2.00,32.00,,163200.00,0.00,102400.00,0.00,0.00,0.00,0.00,0.00,0.00,0.00,0.00,0.00,0.00,0.0300,0.1700,0.0500,0.0000,0.00,0.00,0.00,0.00,0.00,0.00,,{}
17_214,17,Turbine21: drive 4 pin-piles for jacket foundation into seabed,,Pending,2013-08-14 06:00:00,,265600.00,332000.00,1.2500,0.00,0.00,2.00,32.00,,163200.00,0.00,102400.00,0.00,0.00,0.00,0.00,0.00,0.00,0.00,0.00,0.00,0.00,0.0300,0.1700,0.0500,0.0000,0.00,0.00,0.00,0.00,0.00,0.00,,{}
17_215,17,Turbine22: drive 4 pin-piles for jacket foundation into seabed,,Pending,2013-08-10 06:00:00,,265600.00,332000.00,1.2500,0.00,0.00,2.00,32.00,,163200.00,0.00,102400.00,0.00,0.00,0.00,0.00,0.00,0.00,0.00,0.00,0.00,0.00,0.0300,0.1700,0.0500,0.0000,0.00,0.00,0.00,0.00,0.00,0.00,,{}
17_216,17,Turbine23: drive 4 pin-piles for jacket foundation into seabed,,Pending,2013-08-18 06:00:00,,265600.00,332000.00,1.2500,0.00,0.00,2.00,32.00,,163200.00,0.00,102400.00,0.00,0.00,0.00,0.00,0.00,0.00,0.00,0.00,0.00,0.00,0.0300,0.1700,0.0500,0.0000,0.00,0.00,0.00,0.00,0.00,0.00,,{}
17_217,17,Turbine24: drive 4 pin-piles for jacket foundation into seabed,,Pending,2013-08-22 06:00:00,,265600.00,332000.00,1.2500,0.00,0.00,2.00,32.00,,163200.00,0.00,102400.00,0.00,0.00,0.00,0.00,0.00,0.00,0.00,0.00,0.00,0.00,0.0300,0.1700,0.0500,0.0000,0.00,0.00,0.00,0.00,0.00,0.00,,{}
17_218,17,Dredging and cleaning of pin-piles 2,,Pending,2013-05-27 06:00:00,,197080.00,246350.00,1.2500,0.00,0.00,1.00,16.00,,80960.00,0.00,72020.00,0.00,0.00,0.00,0.00,0.00,0.00,0.00,0.00,0.00,0.00,0.0300,0.1700,0.0500,0.0000,0.00,0.00,44100.00,0.00,0.00,0.00,,{}
17_219,17,Dredging and cleaning of pin-piles 3,,Pending,2013-05-31 06:00:00,,197080.00,246350.00,1.2500,0.00,0.00,1.00,16.00,,80960.00,0.00,72020.00,0.00,0.00,0.00,0.00,0.00,0.00,0.00,0.00,0.00,0.00,0.0300,0.1700,0.0500,0.0000,0.00,0.00,44100.00,0.00,0.00,0.00,,{}
17_220,17,Dredging and cleaning of pin-piles 4,,Pending,2013-06-04 06:00:00,,197080.00,246350.00,1.2500,0.00,0.00,1.00,16.00,,80960.00,0.00,72020.00,0.00,0.00,0.00,0.00,0.00,0.00,0.00,0.00,0.00,0.00,0.0300,0.1700,0.0500,0.0000,0.00,0.00,44100.00,0.00,0.00,0.00,,{}
17_221,17,Dredging and cleaning of pin-piles 5,,Pending,2013-06-08 06:00:00,,197080.00,246350.00,1.2500,0.00,0.00,1.00,16.00,,80960.00,0.00,72020.00,0.00,0.00,0.00,0.00,0.00,0.00,0.00,0.00,0.00,0.00,0.0300,0.1700,0.0500,0.0000,0.00,0.00,44100.00,0.00,0.00,0.00,,{}
17_222,17,Dredging and cleaning of pin-piles 6,,Pending,2013-06-13 06:00:00,,197080.00,246350.00,1.2500,0.00,0.00,1.00,16.00,,80960.00,0.00,72020.00,0.00,0.00,0.00,0.00,0.00,0.00,0.00,0.00,0.00,0.00,0.0300,0.1700,0.0500,0.0000,0.00,0.00,44100.00,0.00,0.00,0.00,,{}
17_223,17,Dredging and cleaning of pin-piles 7,,Pending,2013-06-17 06:00:00,,197080.00,246350.00,1.2500,0.00,0.00,1.00,16.00,,80960.00,0.00,72020.00,0.00,0.00,0.00,0.00,0.00,0.00,0.00,0.00,0.00,0.00,0.0300,0.1700,0.0500,0.0000,0.00,0.00,44100.00,0.00,0.00,0.00,,{}
17_224,17,Dredging and cleaning of pin-piles 8,,Pending,2013-06-21 06:00:00,,197080.00,246350.00,1.2500,0.00,0.00,1.00,16.00,,80960.00,0.00,72020.00,0.00,0.00,0.00,0.00,0.00,0.00,0.00,0.00,0.00,0.00,0.0300,0.1700,0.0500,0.0000,0.00,0.00,44100.00,0.00,0.00,0.00,,{}
17_225,17,Dredging and cleaning of pin-piles 9,,Pending,2013-06-25 06:00:00,,197080.00,246350.00,1.2500,0.00,0.00,1.00,16.00,,80960.00,0.00,72020.00,0.00,0.00,0.00,0.00,0.00,0.00,0.00,0.00,0.00,0.00,0.0300,0.1700,0.0500,0.0000,0.00,0.00,44100.00,0.00,0.00,0.00,,{}
17_226,17,Dredging and cleaning of pin-piles 10,,Pending,2013-06-29 06:00:00,,197080.00,246350.00,1.2500,0.00,0.00,1.00,16.00,,80960.00,0.00,72020.00,0.00,0.00,0.00,0.00,0.00,0.00,0.00,0.00,0.00,0.00,0.0300,0.1700,0.0500,0.0000,0.00,0.00,44100.00,0.00,0.00,0.00,,{}
17_227,17,Dredging and cleaning of pin-piles 11,,Pending,2013-07-03 06:00:00,,197080.00,246350.00,1.2500,0.00,0.00,1.00,16.00,,80960.00,0.00,72020.00,0.00,0.00,0.00,0.00,0.00,0.00,0.00,0.00,0.00,0.00,0.0300,0.1700,0.0500,0.0000,0.00,0.00,44100.00,0.00,0.00,0.00,,{}
17_228,17,Dredging and cleaning of pin-piles 12,,Pending,2013-07-07 06:00:00,,197080.00,246350.00,1.2500,0.00,0.00,1.00,16.00,,80960.00,0.00,72020.00,0.00,0.00,0.00,0.00,0.00,0.00,0.00,0.00,0.00,0.00,0.0300,0.1700,0.0500,0.0000,0.00,0.00,44100.00,0.00,0.00,0.00,,{}
17_229,17,Dredging and cleaning of pin-piles 13,,Pending,2013-07-11 06:00:00,,197080.00,246350.00,1.2500,0.00,0.00,1.00,16.00,,80960.00,0.00,72020.00,0.00,0.00,0.00,0.00,0.00,0.00,0.00,0.00,0.00,0.00,0.0300,0.1700,0.0500,0.0000,0.00,0.00,44100.00,0.00,0.00,0.00,,{}
17_23,17,Purchase of castings and pile stoppers,,Pending,2013-02-04 06:00:00,,150000.00,159000.00,1.0600,0.00,0.00,120.00,1920.00,,0.00,0.00,0.00,0.00,90000.00,60000.00,0.00,0.00,0.00,0.00,0.00,0.00,0.00,0.0015,0.0085,0.0500,0.0000,0.00,0.00,0.00,0.00,0.00,0.00,,{}
17_230,17,Dredging and cleaning of pin-piles 14,,Pending,2013-07-15 06:00:00,,197080.00,246350.00,1.2500,0.00,0.00,1.00,16.00,,80960.00,0.00,72020.00,0.00,0.00,0.00,0.00,0.00,0.00,0.00,0.00,0.00,0.00,0.0300,0.1700,0.0500,0.0000,0.00,0.00,44100.00,0.00,0.00,0.00,,{}
17_231,17,Dredging and cleaning of pin-piles 15,,Pending,2013-07-19 06:00:00,,197080.00,246350.00,1.2500,0.00,0.00,1.00,16.00,,80960.00,0.00,72020.00,0.00,0.00,0.00,0.00,0.00,0.00,0.00,0.00,0.00,0.00,0.0300,0.1700,0.0500,0.0000,0.00,0.00,44100.00,0.00,0.00,0.00,,{}
17_232,17,Dredging and cleaning of pin-piles 16,,Pending,2013-07-23 06:00:00,,197080.00,246350.00,1.2500,0.00,0.00,1.00,16.00,,80960.00,0.00,72020.00,0.00,0.00,0.00,0.00,0.00,0.00,0.00,0.00,0.00,0.00,0.0300,0.1700,0.0500,0.0000,0.00,0.00,44100.00,0.00,0.00,0.00,,{}
17_233,17,Dredging and cleaning of pin-piles 17,,Pending,2013-07-27 06:00:00,,197080.00,246350.00,1.2500,0.00,0.00,1.00,16.00,,80960.00,0.00,72020.00,0.00,0.00,0.00,0.00,0.00,0.00,0.00,0.00,0.00,0.00,0.0300,0.1700,0.0500,0.0000,0.00,0.00,44100.00,0.00,0.00,0.00,,{}
17_234,17,Dredging and cleaning of pin-piles 18,,Pending,2013-07-31 06:00:00,,197080.00,246350.00,1.2500,0.00,0.00,1.00,16.00,,80960.00,0.00,72020.00,0.00,0.00,0.00,0.00,0.00,0.00,0.00,0.00,0.00,0.00,0.0300,0.1700,0.0500,0.0000,0.00,0.00,44100.00,0.00,0.00,0.00,,{}
17_235,17,Dredging and cleaning of pin-piles 19,,Pending,2013-08-04 06:00:00,,197080.00,246350.00,1.2500,0.00,0.00,1.00,16.00,,80960.00,0.00,72020.00,0.00,0.00,0.00,0.00,0.00,0.00,0.00,0.00,0.00,0.00,0.0300,0.1700,0.0500,0.0000,0.00,0.00,44100.00,0.00,0.00,0.00,,{}
17_236,17,Dredging and cleaning of pin-piles 20,,Pending,2013-08-08 06:00:00,,197080.00,246350.00,1.2500,0.00,0.00,1.00,16.00,,80960.00,0.00,72020.00,0.00,0.00,0.00,0.00,0.00,0.00,0.00,0.00,0.00,0.00,0.0300,0.1700,0.0500,0.0000,0.00,0.00,44100.00,0.00,0.00,0.00,,{}
17_237,17,Dredging and cleaning of pin-piles 21,,Pending,2013-08-16 06:00:00,,197080.00,246350.00,1.2500,0.00,0.00,1.00,16.00,,80960.00,0.00,72020.00,0.00,0.00,0.00,0.00,0.00,0.00,0.00,0.00,0.00,0.00,0.0300,0.1700,0.0500,0.0000,0.00,0.00,44100.00,0.00,0.00,0.00,,{}
17_238,17,Dredging and cleaning of pin-piles 22,,Pending,2013-08-12 06:00:00,,197080.00,246350.00,1.2500,0.00,0.00,1.00,16.00,,80960.00,0.00,72020.00,0.00,0.00,0.00,0.00,0.00,0.00,0.00,0.00,0.00,0.00,0.0300,0.1700,0.0500,0.0000,0.00,0.00,44100.00,0.00,0.00,0.00,,{}
17_239,17,Dredging and cleaning of pin-piles 23,,Pending,2013-08-20 06:00:00,,197080.00,246350.00,1.2500,0.00,0.00,1.00,16.00,,80960.00,0.00,72020.00,0.00,0.00,0.00,0.00,0.00,0.00,0.00,0.00,0.00,0.00,0.0300,0.1700,0.0500,0.0000,0.00,0.00,44100.00,0.00,0.00,0.00,,{}
17_240,17,Dredging and cleaning of pin-piles 24,,Pending,2013-08-24 06:00:00,,197080.00,246350.00,1.2500,0.00,0.00,1.00,16.00,,80960.00,0.00,72020.00,0.00,0.00,0.00,0.00,0.00,0.00,0.00,0.00,0.00,0.00,0.0300,0.1700,0.0500,0.0000,0.00,0.00,44100.00,0.00,0.00,0.00,,{}
17_241,17,Install pin-pile covers on the piles 1,,Pending,2013-05-24 06:00:00,,184120.00,230150.00,1.2500,0.00,0.00,1.00,16.00,,80320.00,0.00,51200.00,0.00,31560.00,21040.00,0.00,0.00,0.00,0.00,0.00,0.00,0.00,0.0300,0.1700,0.0500,0.0000,0.00,0.00,0.00,0.00,0.00,0.00,,{}
17_242,17,Install pin-pile covers on the piles 2,,Pending,2013-05-28 06:00:00,,184120.00,230150.00,1.2500,0.00,0.00,1.00,16.00,,80320.00,0.00,51200.00,0.00,31560.00,21040.00,0.00,0.00,0.00,0.00,0.00,0.00,0.00,0.0300,0.1700,0.0500,0.0000,0.00,0.00,0.00,0.00,0.00,0.00,,{}
17_243,17,Install pin-pile covers on the piles 3,,Pending,2013-06-01 06:00:00,,184120.00,230150.00,1.2500,0.00,0.00,1.00,16.00,,80320.00,0.00,51200.00,0.00,31560.00,21040.00,0.00,0.00,0.00,0.00,0.00,0.00,0.00,0.0300,0.1700,0.0500,0.0000,0.00,0.00,0.00,0.00,0.00,0.00,,{}
17_244,17,Install pin-pile covers on the piles 4,,Pending,2013-06-05 06:00:00,,184120.00,230150.00,1.2500,0.00,0.00,1.00,16.00,,80320.00,0.00,51200.00,0.00,31560.00,21040.00,0.00,0.00,0.00,0.00,0.00,0.00,0.00,0.0300,0.1700,0.0500,0.0000,0.00,0.00,0.00,0.00,0.00,0.00,,{}
17_245,17,Install pin-pile covers on the piles 5,,Pending,2013-06-10 06:00:00,,184120.00,230150.00,1.2500,0.00,0.00,1.00,16.00,,80320.00,0.00,51200.00,0.00,31560.00,21040.00,0.00,0.00,0.00,0.00,0.00,0.00,0.00,0.0300,0.1700,0.0500,0.0000,0.00,0.00,0.00,0.00,0.00,0.00,,{}
17_246,17,Install pin-pile covers on the piles 6,,Pending,2013-06-14 06:00:00,,184120.00,230150.00,1.2500,0.00,0.00,1.00,16.00,,80320.00,0.00,51200.00,0.00,31560.00,21040.00,0.00,0.00,0.00,0.00,0.00,0.00,0.00,0.0300,0.1700,0.0500,0.0000,0.00,0.00,0.00,0.00,0.00,0.00,,{}
17_247,17,Install pin-pile covers on the piles 7,,Pending,2013-06-18 06:00:00,,184120.00,230150.00,1.2500,0.00,0.00,1.00,16.00,,80320.00,0.00,51200.00,0.00,31560.00,21040.00,0.00,0.00,0.00,0.00,0.00,0.00,0.00,0.0300,0.1700,0.0500,0.0000,0.00,0.00,0.00,0.00,0.00,0.00,,{}
17_248,17,Install pin-pile covers on the piles 8,,Pending,2013-06-22 06:00:00,,184120.00,230150.00,1.2500,0.00,0.00,1.00,16.00,,80320.00,0.00,51200.00,0.00,31560.00,21040.00,0.00,0.00,0.00,0.00,0.00,0.00,0.00,0.0300,0.1700,0.0500,0.0000,0.00,0.00,0.00,0.00,0.00,0.00,,{}
17_249,17,Install pin-pile covers on the piles 9,,Pending,2013-06-26 06:00:00,,184120.00,230150.00,1.2500,0.00,0.00,1.00,16.00,,80320.00,0.00,51200.00,0.00,31560.00,21040.00,0.00,0.00,0.00,0.00,0.00,0.00,0.00,0.0300,0.1700,0.0500,0.0000,0.00,0.00,0.00,0.00,0.00,0.00,,{}
17_25,17,Assembly of midsection 1,,Pending,2013-03-16 06:00:00,,55100.00,68875.00,1.2500,0.00,0.00,9.00,144.00,,0.00,0.00,0.00,0.00,33060.00,22040.00,0.00,0.00,0.00,0.00,0.00,0.00,0.00,0.0300,0.1700,0.0500,0.0000,0.00,0.00,0.00,0.00,0.00,0.00,,{}
17_250,17,Install pin-pile covers on the piles 10,,Pending,2013-06-30 06:00:00,,184120.00,230150.00,1.2500,0.00,0.00,1.00,16.00,,80320.00,0.00,51200.00,0.00,31560.00,21040.00,0.00,0.00,0.00,0.00,0.00,0.00,0.00,0.0300,0.1700,0.0500,0.0000,0.00,0.00,0.00,0.00,0.00,0.00,,{}
17_251,17,Install pin-pile covers on the piles 11,,Pending,2013-07-04 06:00:00,,184120.00,230150.00,1.2500,0.00,0.00,1.00,16.00,,80320.00,0.00,51200.00,0.00,31560.00,21040.00,0.00,0.00,0.00,0.00,0.00,0.00,0.00,0.0300,0.1700,0.0500,0.0000,0.00,0.00,0.00,0.00,0.00,0.00,,{}
17_252,17,Install pin-pile covers on the piles 12,,Pending,2013-07-08 06:00:00,,184120.00,230150.00,1.2500,0.00,0.00,1.00,16.00,,80320.00,0.00,51200.00,0.00,31560.00,21040.00,0.00,0.00,0.00,0.00,0.00,0.00,0.00,0.0300,0.1700,0.0500,0.0000,0.00,0.00,0.00,0.00,0.00,0.00,,{}
17_253,17,Install pin-pile covers on the piles 13,,Pending,2013-07-12 06:00:00,,184120.00,230150.00,1.2500,0.00,0.00,1.00,16.00,,80320.00,0.00,51200.00,0.00,31560.00,21040.00,0.00,0.00,0.00,0.00,0.00,0.00,0.00,0.0300,0.1700,0.0500,0.0000,0.00,0.00,0.00,0.00,0.00,0.00,,{}
17_254,17,Install pin-pile covers on the piles 14,,Pending,2013-07-16 06:00:00,,184120.00,230150.00,1.2500,0.00,0.00,1.00,16.00,,80320.00,0.00,51200.00,0.00,31560.00,21040.00,0.00,0.00,0.00,0.00,0.00,0.00,0.00,0.0300,0.1700,0.0500,0.0000,0.00,0.00,0.00,0.00,0.00,0.00,,{}
17_255,17,Install pin-pile covers on the piles 15,,Pending,2013-07-20 06:00:00,,184120.00,230150.00,1.2500,0.00,0.00,1.00,16.00,,80320.00,0.00,51200.00,0.00,31560.00,21040.00,0.00,0.00,0.00,0.00,0.00,0.00,0.00,0.0300,0.1700,0.0500,0.0000,0.00,0.00,0.00,0.00,0.00,0.00,,{}
17_256,17,Install pin-pile covers on the piles 16,,Pending,2013-07-24 06:00:00,,184120.00,230150.00,1.2500,0.00,0.00,1.00,16.00,,80320.00,0.00,51200.00,0.00,31560.00,21040.00,0.00,0.00,0.00,0.00,0.00,0.00,0.00,0.0300,0.1700,0.0500,0.0000,0.00,0.00,0.00,0.00,0.00,0.00,,{}
17_257,17,Install pin-pile covers on the piles 17,,Pending,2013-07-28 06:00:00,,184120.00,230150.00,1.2500,0.00,0.00,1.00,16.00,,80320.00,0.00,51200.00,0.00,31560.00,21040.00,0.00,0.00,0.00,0.00,0.00,0.00,0.00,0.0300,0.1700,0.0500,0.0000,0.00,0.00,0.00,0.00,0.00,0.00,,{}
17_258,17,Install pin-pile covers on the piles 18,,Pending,2013-08-01 06:00:00,,184120.00,230150.00,1.2500,0.00,0.00,1.00,16.00,,80320.00,0.00,51200.00,0.00,31560.00,21040.00,0.00,0.00,0.00,0.00,0.00,0.00,0.00,0.0300,0.1700,0.0500,0.0000,0.00,0.00,0.00,0.00,0.00,0.00,,{}
17_259,17,Install pin-pile covers on the piles 19,,Pending,2013-08-05 06:00:00,,184120.00,230150.00,1.2500,0.00,0.00,1.00,16.00,,80320.00,0.00,51200.00,0.00,31560.00,21040.00,0.00,0.00,0.00,0.00,0.00,0.00,0.00,0.0300,0.1700,0.0500,0.0000,0.00,0.00,0.00,0.00,0.00,0.00,,{}
17_260,17,Install pin-pile covers on the piles 20,,Pending,2013-08-09 06:00:00,,184120.00,230150.00,1.2500,0.00,0.00,1.00,16.00,,80320.00,0.00,51200.00,0.00,31560.00,21040.00,0.00,0.00,0.00,0.00,0.00,0.00,0.00,0.0300,0.1700,0.0500,0.0000,0.00,0.00,0.00,0.00,0.00,0.00,,{}
17_261,17,Install pin-pile covers on the piles 21,,Pending,2013-08-17 06:00:00,,184120.00,230150.00,1.2500,0.00,0.00,1.00,16.00,,80320.00,0.00,51200.00,0.00,31560.00,21040.00,0.00,0.00,0.00,0.00,0.00,0.00,0.00,0.0300,0.1700,0.0500,0.0000,0.00,0.00,0.00,0.00,0.00,0.00,,{}
17_262,17,Install pin-pile covers on the piles 22,,Pending,2013-08-13 06:00:00,,184120.00,230150.00,1.2500,0.00,0.00,1.00,16.00,,80320.00,0.00,51200.00,0.00,31560.00,21040.00,0.00,0.00,0.00,0.00,0.00,0.00,0.00,0.0300,0.1700,0.0500,0.0000,0.00,0.00,0.00,0.00,0.00,0.00,,{}
17_263,17,Install pin-pile covers on the piles 23,,Pending,2013-08-21 06:00:00,,184120.00,230150.00,1.2500,0.00,0.00,1.00,16.00,,80320.00,0.00,51200.00,0.00,31560.00,21040.00,0.00,0.00,0.00,0.00,0.00,0.00,0.00,0.0300,0.1700,0.0500,0.0000,0.00,0.00,0.00,0.00,0.00,0.00,,{}
17_264,17,Install pin-pile covers on the piles 24,,Pending,2013-08-25 06:00:00,,184120.00,230150.00,1.2500,0.00,0.00,1.00,16.00,,80320.00,0.00,51200.00,0.00,31560.00,21040.00,0.00,0.00,0.00,0.00,0.00,0.00,0.00,0.0300,0.1700,0.0500,0.0000,0.00,0.00,0.00,0.00,0.00,0.00,,{}
17_266,17,Grouting of foundation to the pin-piles 2,,Pending,2013-06-14 06:00:00,,252240.00,315300.00,1.2500,0.00,0.00,1.00,16.00,,96320.00,0.00,57920.00,0.00,58800.00,39200.00,0.00,0.00,0.00,0.00,0.00,0.00,0.00,0.0300,0.1700,0.0500,0.0000,0.00,0.00,0.00,0.00,0.00,0.00,,{}
17_267,17,Grouting of foundation to the pin-piles 3,,Pending,2013-06-18 06:00:00,,252240.00,315300.00,1.2500,0.00,0.00,1.00,16.00,,96320.00,0.00,57920.00,0.00,58800.00,39200.00,0.00,0.00,0.00,0.00,0.00,0.00,0.00,0.0300,0.1700,0.0500,0.0000,0.00,0.00,0.00,0.00,0.00,0.00,,{}
17_268,17,Grouting of foundation to the pin-piles 4,,Pending,2013-06-22 06:00:00,,252240.00,315300.00,1.2500,0.00,0.00,1.00,16.00,,96320.00,0.00,57920.00,0.00,58800.00,39200.00,0.00,0.00,0.00,0.00,0.00,0.00,0.00,0.0300,0.1700,0.0500,0.0000,0.00,0.00,0.00,0.00,0.00,0.00,,{}
17_269,17,Grouting of foundation to the pin-piles 5,,Pending,2013-06-27 06:00:00,,252240.00,315300.00,1.2500,0.00,0.00,1.00,16.00,,96320.00,0.00,57920.00,0.00,58800.00,39200.00,0.00,0.00,0.00,0.00,0.00,0.00,0.00,0.0300,0.1700,0.0500,0.0000,0.00,0.00,0.00,0.00,0.00,0.00,,{}
17_270,17,Grouting of foundation to the pin-piles 6,,Pending,2013-07-01 06:00:00,,252240.00,315300.00,1.2500,0.00,0.00,1.00,16.00,,96320.00,0.00,57920.00,0.00,58800.00,39200.00,0.00,0.00,0.00,0.00,0.00,0.00,0.00,0.0300,0.1700,0.0500,0.0000,0.00,0.00,0.00,0.00,0.00,0.00,,{}
17_271,17,Grouting of foundation to the pin-piles 7,,Pending,2013-07-05 06:00:00,,252240.00,315300.00,1.2500,0.00,0.00,1.00,16.00,,96320.00,0.00,57920.00,0.00,58800.00,39200.00,0.00,0.00,0.00,0.00,0.00,0.00,0.00,0.0300,0.1700,0.0500,0.0000,0.00,0.00,0.00,0.00,0.00,0.00,,{}
17_272,17,Grouting of foundation to the pin-piles 8,,Pending,2013-07-09 06:00:00,,252240.00,315300.00,1.2500,0.00,0.00,1.00,16.00,,96320.00,0.00,57920.00,0.00,58800.00,39200.00,0.00,0.00,0.00,0.00,0.00,0.00,0.00,0.0300,0.1700,0.0500,0.0000,0.00,0.00,0.00,0.00,0.00,0.00,,{}
17_273,17,Grouting of foundation to the pin-piles 9,,Pending,2013-07-13 06:00:00,,252240.00,315300.00,1.2500,0.00,0.00,1.00,16.00,,96320.00,0.00,57920.00,0.00,58800.00,39200.00,0.00,0.00,0.00,0.00,0.00,0.00,0.00,0.0300,0.1700,0.0500,0.0000,0.00,0.00,0.00,0.00,0.00,0.00,,{}
17_274,17,Grouting of foundation to the pin-piles 10,,Pending,2013-07-17 06:00:00,,252240.00,315300.00,1.2500,0.00,0.00,1.00,16.00,,96320.00,0.00,57920.00,0.00,58800.00,39200.00,0.00,0.00,0.00,0.00,0.00,0.00,0.00,0.0300,0.1700,0.0500,0.0000,0.00,0.00,0.00,0.00,0.00,0.00,,{}
17_275,17,Grouting of foundation to the pin-piles 11,,Pending,2013-07-21 06:00:00,,252240.00,315300.00,1.2500,0.00,0.00,1.00,16.00,,96320.00,0.00,57920.00,0.00,58800.00,39200.00,0.00,0.00,0.00,0.00,0.00,0.00,0.00,0.0300,0.1700,0.0500,0.0000,0.00,0.00,0.00,0.00,0.00,0.00,,{}
17_276,17,Grouting of foundation to the pin-piles 12,,Pending,2013-07-25 06:00:00,,252240.00,315300.00,1.2500,0.00,0.00,1.00,16.00,,96320.00,0.00,57920.00,0.00,58800.00,39200.00,0.00,0.00,0.00,0.00,0.00,0.00,0.00,0.0300,0.1700,0.0500,0.0000,0.00,0.00,0.00,0.00,0.00,0.00,,{}
17_277,17,Grouting of foundation to the pin-piles 13,,Pending,2013-07-29 06:00:00,,252240.00,315300.00,1.2500,0.00,0.00,1.00,16.00,,96320.00,0.00,57920.00,0.00,58800.00,39200.00,0.00,0.00,0.00,0.00,0.00,0.00,0.00,0.0300,0.1700,0.0500,0.0000,0.00,0.00,0.00,0.00,0.00,0.00,,{}
17_278,17,Grouting of foundation to the pin-piles 14,,Pending,2013-08-02 06:00:00,,252240.00,315300.00,1.2500,0.00,0.00,1.00,16.00,,96320.00,0.00,57920.00,0.00,58800.00,39200.00,0.00,0.00,0.00,0.00,0.00,0.00,0.00,0.0300,0.1700,0.0500,0.0000,0.00,0.00,0.00,0.00,0.00,0.00,,{}
17_279,17,Grouting of foundation to the pin-piles 15,,Pending,2013-08-10 06:00:00,,252240.00,315300.00,1.2500,0.00,0.00,1.00,16.00,,96320.00,0.00,57920.00,0.00,58800.00,39200.00,0.00,0.00,0.00,0.00,0.00,0.00,0.00,0.0300,0.1700,0.0500,0.0000,0.00,0.00,0.00,0.00,0.00,0.00,,{}
17_281,17,Grouting of foundation to the pin-piles 17,,Pending,2013-08-28 06:00:00,,252240.00,315300.00,1.2500,0.00,0.00,1.00,16.00,,96320.00,0.00,57920.00,0.00,58800.00,39200.00,0.00,0.00,0.00,0.00,0.00,0.00,0.00,0.0300,0.1700,0.0500,0.0000,0.00,0.00,0.00,0.00,0.00,0.00,,{}
17_282,17,Grouting of foundation to the pin-piles 18,,Pending,2013-09-06 06:00:00,,252240.00,315300.00,1.2500,0.00,0.00,1.00,16.00,,96320.00,0.00,57920.00,0.00,58800.00,39200.00,0.00,0.00,0.00,0.00,0.00,0.00,0.00,0.0300,0.1700,0.0500,0.0000,0.00,0.00,0.00,0.00,0.00,0.00,,{}
17_283,17,Grouting of foundation to the pin-piles 19,,Pending,2013-09-15 06:00:00,,252240.00,315300.00,1.2500,0.00,0.00,1.00,16.00,,96320.00,0.00,57920.00,0.00,58800.00,39200.00,0.00,0.00,0.00,0.00,0.00,0.00,0.00,0.0300,0.1700,0.0500,0.0000,0.00,0.00,0.00,0.00,0.00,0.00,,{}
17_284,17,Grouting of foundation to the pin-piles 20,,Pending,2013-09-24 06:00:00,,252240.00,315300.00,1.2500,0.00,0.00,1.00,16.00,,96320.00,0.00,57920.00,0.00,58800.00,39200.00,0.00,0.00,0.00,0.00,0.00,0.00,0.00,0.0300,0.1700,0.0500,0.0000,0.00,0.00,0.00,0.00,0.00,0.00,,{}
17_285,17,Grouting of foundation to the pin-piles 21,,Pending,2013-10-03 06:00:00,,252240.00,315300.00,1.2500,0.00,0.00,1.00,16.00,,96320.00,0.00,57920.00,0.00,58800.00,39200.00,0.00,0.00,0.00,0.00,0.00,0.00,0.00,0.0300,0.1700,0.0500,0.0000,0.00,0.00,0.00,0.00,0.00,0.00,,{}
17_286,17,Grouting of foundation to the pin-piles 22,,Pending,2013-10-12 06:00:00,,252240.00,315300.00,1.2500,0.00,0.00,1.00,16.00,,96320.00,0.00,57920.00,0.00,58800.00,39200.00,0.00,0.00,0.00,0.00,0.00,0.00,0.00,0.0300,0.1700,0.0500,0.0000,0.00,0.00,0.00,0.00,0.00,0.00,,{}
17_287,17,Grouting of foundation to the pin-piles 23,,Pending,2013-10-21 06:00:00,,252240.00,315300.00,1.2500,0.00,0.00,1.00,16.00,,96320.00,0.00,57920.00,0.00,58800.00,39200.00,0.00,0.00,0.00,0.00,0.00,0.00,0.00,0.0300,0.1700,0.0500,0.0000,0.00,0.00,0.00,0.00,0.00,0.00,,{}
17_288,17,Grouting of foundation to the pin-piles 24,,Pending,2013-10-30 06:00:00,,252240.00,315300.00,1.2500,0.00,0.00,1.00,16.00,,96320.00,0.00,57920.00,0.00,58800.00,39200.00,0.00,0.00,0.00,0.00,0.00,0.00,0.00,0.0300,0.1700,0.0500,0.0000,0.00,0.00,0.00,0.00,0.00,0.00,,{}
17_29,17,Final jacket assembly 1,,Pending,2013-03-25 06:00:00,,40600.00,50750.00,1.2500,0.00,0.00,9.00,144.00,,0.00,0.00,0.00,0.00,24360.00,16240.00,0.00,0.00,0.00,0.00,0.00,0.00,0.00,0.0300,0.1700,0.0500,0.0000,0.00,0.00,0.00,0.00,0.00,0.00,,{}
17_290,17,Installation of the jacket foundations 2,,Pending,2013-06-13 06:00:00,,146240.00,182800.00,1.2500,0.00,0.00,1.00,16.00,,88320.00,0.00,57920.00,0.00,0.00,0.00,0.00,0.00,0.00,0.00,0.00,0.00,0.00,0.0300,0.1700,0.0500,0.0000,0.00,0.00,0.00,0.00,0.00,0.00,,{}
17_291,17,Installation of the jacket foundations 3,,Pending,2013-06-17 06:00:00,,146240.00,182800.00,1.2500,0.00,0.00,1.00,16.00,,88320.00,0.00,57920.00,0.00,0.00,0.00,0.00,0.00,0.00,0.00,0.00,0.00,0.00,0.0300,0.1700,0.0500,0.0000,0.00,0.00,0.00,0.00,0.00,0.00,,{}
17_292,17,Installation of the jacket foundations 4,,Pending,2013-06-21 06:00:00,,146240.00,182800.00,1.2500,0.00,0.00,1.00,16.00,,88320.00,0.00,57920.00,0.00,0.00,0.00,0.00,0.00,0.00,0.00,0.00,0.00,0.00,0.0300,0.1700,0.0500,0.0000,0.00,0.00,0.00,0.00,0.00,0.00,,{}
17_293,17,Installation of the jacket foundations 5,,Pending,2013-06-26 06:00:00,,146240.00,182800.00,1.2500,0.00,0.00,1.00,16.00,,88320.00,0.00,57920.00,0.00,0.00,0.00,0.00,0.00,0.00,0.00,0.00,0.00,0.00,0.0300,0.1700,0.0500,0.0000,0.00,0.00,0.00,0.00,0.00,0.00,,{}
17_294,17,Installation of the jacket foundations 6,,Pending,2013-06-30 06:00:00,,146240.00,182800.00,1.2500,0.00,0.00,1.00,16.00,,88320.00,0.00,57920.00,0.00,0.00,0.00,0.00,0.00,0.00,0.00,0.00,0.00,0.00,0.0300,0.1700,0.0500,0.0000,0.00,0.00,0.00,0.00,0.00,0.00,,{}
17_295,17,Installation of the jacket foundations 7,,Pending,2013-07-04 06:00:00,,146240.00,182800.00,1.2500,0.00,0.00,1.00,16.00,,88320.00,0.00,57920.00,0.00,0.00,0.00,0.00,0.00,0.00,0.00,0.00,0.00,0.00,0.0300,0.1700,0.0500,0.0000,0.00,0.00,0.00,0.00,0.00,0.00,,{}
17_296,17,Installation of the jacket foundations 8,,Pending,2013-07-08 06:00:00,,146240.00,182800.00,1.2500,0.00,0.00,1.00,16.00,,88320.00,0.00,57920.00,0.00,0.00,0.00,0.00,0.00,0.00,0.00,0.00,0.00,0.00,0.0300,0.1700,0.0500,0.0000,0.00,0.00,0.00,0.00,0.00,0.00,,{}
17_297,17,Installation of the jacket foundations 9,,Pending,2013-07-12 06:00:00,,146240.00,182800.00,1.2500,0.00,0.00,1.00,16.00,,88320.00,0.00,57920.00,0.00,0.00,0.00,0.00,0.00,0.00,0.00,0.00,0.00,0.00,0.0300,0.1700,0.0500,0.0000,0.00,0.00,0.00,0.00,0.00,0.00,,{}
17_298,17,Installation of the jacket foundations 10,,Pending,2013-07-16 06:00:00,,146240.00,182800.00,1.2500,0.00,0.00,1.00,16.00,,88320.00,0.00,57920.00,0.00,0.00,0.00,0.00,0.00,0.00,0.00,0.00,0.00,0.00,0.0300,0.1700,0.0500,0.0000,0.00,0.00,0.00,0.00,0.00,0.00,,{}
17_299,17,Installation of the jacket foundations 11,,Pending,2013-07-20 06:00:00,,146240.00,182800.00,1.2500,0.00,0.00,1.00,16.00,,88320.00,0.00,57920.00,0.00,0.00,0.00,0.00,0.00,0.00,0.00,0.00,0.00,0.00,0.0300,0.1700,0.0500,0.0000,0.00,0.00,0.00,0.00,0.00,0.00,,{}
17_3,17,Mobilisation of Jack Up Platform Buzzard,,Pending,2013-05-15 06:00:00,,114240.00,142800.00,1.2500,0.00,0.00,1.00,16.00,,63040.00,0.00,51200.00,0.00,0.00,0.00,0.00,0.00,0.00,0.00,0.00,0.00,0.00,0.0300,0.1700,0.0500,0.0000,0.00,0.00,0.00,0.00,0.00,0.00,,{}
17_300,17,Installation of the jacket foundations 12,,Pending,2013-07-24 06:00:00,,146240.00,182800.00,1.2500,0.00,0.00,1.00,16.00,,88320.00,0.00,57920.00,0.00,0.00,0.00,0.00,0.00,0.00,0.00,0.00,0.00,0.00,0.0300,0.1700,0.0500,0.0000,0.00,0.00,0.00,0.00,0.00,0.00,,{}
17_301,17,Installation of the jacket foundations 13,,Pending,2013-07-28 06:00:00,,146240.00,182800.00,1.2500,0.00,0.00,1.00,16.00,,88320.00,0.00,57920.00,0.00,0.00,0.00,0.00,0.00,0.00,0.00,0.00,0.00,0.00,0.0300,0.1700,0.0500,0.0000,0.00,0.00,0.00,0.00,0.00,0.00,,{}
17_542,17,Delivery of pin-piles 16,,Pending,2013-07-20 06:00:00,,26930.00,33662.50,1.2500,0.00,0.00,1.00,16.00,,13280.00,0.00,9600.00,0.00,0.00,0.00,0.00,0.00,0.00,0.00,0.00,0.00,0.00,0.0300,0.1700,0.0500,0.0000,810.00,3240.00,0.00,0.00,0.00,0.00,,{}
17_162,17,Dredging and cleaning of pin-piles 1,,Pending,2013-05-23 06:00:00,,197080.00,246350.00,1.2500,0.00,0.00,1.00,16.00,,80960.00,0.00,72020.00,0.00,0.00,0.00,0.00,0.00,0.00,0.00,0.00,0.00,0.00,0.0300,0.1700,0.0500,0.0000,0.00,0.00,44100.00,0.00,0.00,0.00,,{}
17_21,17,Purshase of tubulars,,Pending,2013-02-04 06:00:00,,80000.00,84800.00,1.0600,0.00,0.00,120.00,1920.00,,0.00,0.00,0.00,0.00,80000.00,0.00,0.00,0.00,0.00,0.00,0.00,0.00,0.00,0.0015,0.0085,0.0500,0.0000,0.00,0.00,0.00,0.00,0.00,0.00,,{}
17_27,17,Purchase of secondary steel items,,Pending,2013-02-13 06:00:00,,350000.00,371000.00,1.0600,0.00,0.00,80.00,1280.00,,0.00,0.00,0.00,0.00,350000.00,0.00,0.00,0.00,0.00,0.00,0.00,0.00,0.00,0.0015,0.0085,0.0500,0.0000,0.00,0.00,0.00,0.00,0.00,0.00,,{}
17_289,17,Installation of the jacket foundations 1,,Pending,2013-06-09 06:00:00,,146240.00,182800.00,1.2500,0.00,0.00,1.00,16.00,,88320.00,0.00,57920.00,0.00,0.00,0.00,0.00,0.00,0.00,0.00,0.00,0.00,0.00,0.0300,0.1700,0.0500,0.0000,0.00,0.00,0.00,0.00,0.00,0.00,,{}
17_265,17,Grouting of foundation to the pin-piles 1,,Pending,2013-06-10 06:00:00,,252240.00,315300.00,1.2500,0.00,0.00,1.00,16.00,,96320.00,0.00,57920.00,0.00,58800.00,39200.00,0.00,0.00,0.00,0.00,0.00,0.00,0.00,0.0300,0.1700,0.0500,0.0000,0.00,0.00,0.00,0.00,0.00,0.00,,{}
17_280,17,Grouting of foundation to the pin-piles 16,,Pending,2013-08-19 06:00:00,,252240.00,315300.00,1.2500,0.00,0.00,1.00,16.00,,96320.00,0.00,57920.00,0.00,58800.00,39200.00,0.00,0.00,0.00,0.00,0.00,0.00,0.00,0.0300,0.1700,0.0500,0.0000,0.00,0.00,0.00,0.00,0.00,0.00,,{}
17_454,17,Terminations of infield cables 1,,Pending,2014-01-08 06:00:00,,38400.00,48000.00,1.2500,0.00,0.00,3.00,48.00,,38400.00,0.00,0.00,0.00,0.00,0.00,0.00,0.00,0.00,0.00,0.00,0.00,0.00,0.0300,0.1700,0.0500,0.0000,0.00,0.00,0.00,0.00,0.00,0.00,,{}
17_430,17,Commissioning of wind turbines 1,,Pending,2014-01-11 06:00:00,,64000.00,86400.00,1.3500,0.00,0.00,5.00,80.00,,64000.00,0.00,0.00,0.00,0.00,0.00,0.00,0.00,0.00,0.00,0.00,0.00,0.00,0.0300,0.1700,0.0500,0.1000,0.00,0.00,0.00,0.00,0.00,0.00,,{}
17_406,17,Reliability tests 1,,Pending,2014-01-16 06:00:00,,12800.00,16000.00,1.2500,0.00,0.00,5.00,80.00,,12800.00,0.00,0.00,0.00,0.00,0.00,0.00,0.00,0.00,0.00,0.00,0.00,0.00,0.0300,0.1700,0.0500,0.0000,0.00,0.00,0.00,0.00,0.00,0.00,,{}
17_104,17,Production in Karlskrona Sweden,,Pending,2013-02-04 06:00:00,,2205000.00,2337300.00,1.0600,0.00,0.00,120.00,1920.00,,0.00,0.00,0.00,0.00,2205000.00,0.00,0.00,0.00,0.00,0.00,0.00,0.00,0.00,0.0015,0.0085,0.0500,0.0000,0.00,0.00,0.00,0.00,0.00,0.00,,{}
17_154,17,Testing 24 hours connection of cable conductors and fibre optics,,Pending,2013-09-21 07:00:00,,47400.00,63990.00,1.3500,0.00,0.00,1.00,16.00,,12800.00,0.00,0.00,34600.00,0.00,0.00,0.00,0.00,0.00,0.00,0.00,0.00,0.00,0.0300,0.1700,0.0500,0.1000,0.00,0.00,0.00,0.00,0.00,0.00,,{}
17_302,17,Installation of the jacket foundations 14,,Pending,2013-08-01 06:00:00,,146240.00,182800.00,1.2500,0.00,0.00,1.00,16.00,,88320.00,0.00,57920.00,0.00,0.00,0.00,0.00,0.00,0.00,0.00,0.00,0.00,0.00,0.0300,0.1700,0.0500,0.0000,0.00,0.00,0.00,0.00,0.00,0.00,,{}
17_303,17,Installation of the jacket foundations 15,,Pending,2013-08-09 06:00:00,,146240.00,182800.00,1.2500,0.00,0.00,1.00,16.00,,88320.00,0.00,57920.00,0.00,0.00,0.00,0.00,0.00,0.00,0.00,0.00,0.00,0.00,0.0300,0.1700,0.0500,0.0000,0.00,0.00,0.00,0.00,0.00,0.00,,{}
17_304,17,Installation of the jacket foundations 16,,Pending,2013-08-18 06:00:00,,146240.00,182800.00,1.2500,0.00,0.00,1.00,16.00,,88320.00,0.00,57920.00,0.00,0.00,0.00,0.00,0.00,0.00,0.00,0.00,0.00,0.00,0.0300,0.1700,0.0500,0.0000,0.00,0.00,0.00,0.00,0.00,0.00,,{}
17_338,17,Assembly of midsection 3,,Pending,2013-04-03 06:00:00,,55100.00,68875.00,1.2500,0.00,0.00,9.00,144.00,,0.00,0.00,0.00,0.00,33060.00,22040.00,0.00,0.00,0.00,0.00,0.00,0.00,0.00,0.0300,0.1700,0.0500,0.0000,0.00,0.00,0.00,0.00,0.00,0.00,,{}
17_339,17,Assembly of midsection 4,,Pending,2013-04-12 06:00:00,,55100.00,68875.00,1.2500,0.00,0.00,9.00,144.00,,0.00,0.00,0.00,0.00,33060.00,22040.00,0.00,0.00,0.00,0.00,0.00,0.00,0.00,0.0300,0.1700,0.0500,0.0000,0.00,0.00,0.00,0.00,0.00,0.00,,{}
17_340,17,Assembly of midsection 5,,Pending,2013-04-21 06:00:00,,55100.00,68875.00,1.2500,0.00,0.00,9.00,144.00,,0.00,0.00,0.00,0.00,33060.00,22040.00,0.00,0.00,0.00,0.00,0.00,0.00,0.00,0.0300,0.1700,0.0500,0.0000,0.00,0.00,0.00,0.00,0.00,0.00,,{}
17_341,17,Assembly of midsection 6,,Pending,2013-04-30 06:00:00,,55100.00,68875.00,1.2500,0.00,0.00,9.00,144.00,,0.00,0.00,0.00,0.00,33060.00,22040.00,0.00,0.00,0.00,0.00,0.00,0.00,0.00,0.0300,0.1700,0.0500,0.0000,0.00,0.00,0.00,0.00,0.00,0.00,,{}
17_342,17,Assembly of midsection 7,,Pending,2013-05-09 06:00:00,,55100.00,68875.00,1.2500,0.00,0.00,9.00,144.00,,0.00,0.00,0.00,0.00,33060.00,22040.00,0.00,0.00,0.00,0.00,0.00,0.00,0.00,0.0300,0.1700,0.0500,0.0000,0.00,0.00,0.00,0.00,0.00,0.00,,{}
17_343,17,Assembly of midsection 8,,Pending,2013-05-18 06:00:00,,55100.00,68875.00,1.2500,0.00,0.00,9.00,144.00,,0.00,0.00,0.00,0.00,33060.00,22040.00,0.00,0.00,0.00,0.00,0.00,0.00,0.00,0.0300,0.1700,0.0500,0.0000,0.00,0.00,0.00,0.00,0.00,0.00,,{}
17_344,17,Assembly of midsection 9,,Pending,2013-05-27 06:00:00,,55100.00,68875.00,1.2500,0.00,0.00,9.00,144.00,,0.00,0.00,0.00,0.00,33060.00,22040.00,0.00,0.00,0.00,0.00,0.00,0.00,0.00,0.0300,0.1700,0.0500,0.0000,0.00,0.00,0.00,0.00,0.00,0.00,,{}
17_345,17,Assembly of midsection 10,,Pending,2013-06-05 06:00:00,,55100.00,68875.00,1.2500,0.00,0.00,9.00,144.00,,0.00,0.00,0.00,0.00,33060.00,22040.00,0.00,0.00,0.00,0.00,0.00,0.00,0.00,0.0300,0.1700,0.0500,0.0000,0.00,0.00,0.00,0.00,0.00,0.00,,{}
17_346,17,Assembly of midsection 11,,Pending,2013-06-14 06:00:00,,55100.00,68875.00,1.2500,0.00,0.00,9.00,144.00,,0.00,0.00,0.00,0.00,33060.00,22040.00,0.00,0.00,0.00,0.00,0.00,0.00,0.00,0.0300,0.1700,0.0500,0.0000,0.00,0.00,0.00,0.00,0.00,0.00,,{}
17_347,17,Assembly of midsection 12,,Pending,2013-06-23 06:00:00,,55100.00,68875.00,1.2500,0.00,0.00,9.00,144.00,,0.00,0.00,0.00,0.00,33060.00,22040.00,0.00,0.00,0.00,0.00,0.00,0.00,0.00,0.0300,0.1700,0.0500,0.0000,0.00,0.00,0.00,0.00,0.00,0.00,,{}
17_348,17,Assembly of midsection 13,,Pending,2013-07-02 06:00:00,,55100.00,68875.00,1.2500,0.00,0.00,9.00,144.00,,0.00,0.00,0.00,0.00,33060.00,22040.00,0.00,0.00,0.00,0.00,0.00,0.00,0.00,0.0300,0.1700,0.0500,0.0000,0.00,0.00,0.00,0.00,0.00,0.00,,{}
17_349,17,Assembly of midsection 14,,Pending,2013-07-11 06:00:00,,55100.00,68875.00,1.2500,0.00,0.00,9.00,144.00,,0.00,0.00,0.00,0.00,33060.00,22040.00,0.00,0.00,0.00,0.00,0.00,0.00,0.00,0.0300,0.1700,0.0500,0.0000,0.00,0.00,0.00,0.00,0.00,0.00,,{}
17_350,17,Assembly of midsection 15,,Pending,2013-07-20 06:00:00,,55100.00,68875.00,1.2500,0.00,0.00,9.00,144.00,,0.00,0.00,0.00,0.00,33060.00,22040.00,0.00,0.00,0.00,0.00,0.00,0.00,0.00,0.0300,0.1700,0.0500,0.0000,0.00,0.00,0.00,0.00,0.00,0.00,,{}
17_351,17,Assembly of midsection 16,,Pending,2013-07-29 06:00:00,,55100.00,68875.00,1.2500,0.00,0.00,9.00,144.00,,0.00,0.00,0.00,0.00,33060.00,22040.00,0.00,0.00,0.00,0.00,0.00,0.00,0.00,0.0300,0.1700,0.0500,0.0000,0.00,0.00,0.00,0.00,0.00,0.00,,{}
17_352,17,Assembly of midsection 17,,Pending,2013-08-07 06:00:00,,55100.00,68875.00,1.2500,0.00,0.00,9.00,144.00,,0.00,0.00,0.00,0.00,33060.00,22040.00,0.00,0.00,0.00,0.00,0.00,0.00,0.00,0.0300,0.1700,0.0500,0.0000,0.00,0.00,0.00,0.00,0.00,0.00,,{}
17_353,17,Assembly of midsection 18,,Pending,2013-08-16 06:00:00,,55100.00,68875.00,1.2500,0.00,0.00,9.00,144.00,,0.00,0.00,0.00,0.00,33060.00,22040.00,0.00,0.00,0.00,0.00,0.00,0.00,0.00,0.0300,0.1700,0.0500,0.0000,0.00,0.00,0.00,0.00,0.00,0.00,,{}
17_354,17,Assembly of midsection 19,,Pending,2013-08-25 06:00:00,,55100.00,68875.00,1.2500,0.00,0.00,9.00,144.00,,0.00,0.00,0.00,0.00,33060.00,22040.00,0.00,0.00,0.00,0.00,0.00,0.00,0.00,0.0300,0.1700,0.0500,0.0000,0.00,0.00,0.00,0.00,0.00,0.00,,{}
17_355,17,Assembly of midsection 20,,Pending,2013-09-03 06:00:00,,55100.00,68875.00,1.2500,0.00,0.00,9.00,144.00,,0.00,0.00,0.00,0.00,33060.00,22040.00,0.00,0.00,0.00,0.00,0.00,0.00,0.00,0.0300,0.1700,0.0500,0.0000,0.00,0.00,0.00,0.00,0.00,0.00,,{}
17_356,17,Assembly of midsection 21,,Pending,2013-09-12 06:00:00,,55100.00,68875.00,1.2500,0.00,0.00,9.00,144.00,,0.00,0.00,0.00,0.00,33060.00,22040.00,0.00,0.00,0.00,0.00,0.00,0.00,0.00,0.0300,0.1700,0.0500,0.0000,0.00,0.00,0.00,0.00,0.00,0.00,,{}
17_357,17,Assembly of midsection 22,,Pending,2013-09-21 06:00:00,,55100.00,68875.00,1.2500,0.00,0.00,9.00,144.00,,0.00,0.00,0.00,0.00,33060.00,22040.00,0.00,0.00,0.00,0.00,0.00,0.00,0.00,0.0300,0.1700,0.0500,0.0000,0.00,0.00,0.00,0.00,0.00,0.00,,{}
17_358,17,Assembly of midsection 23,,Pending,2013-09-30 06:00:00,,55100.00,68875.00,1.2500,0.00,0.00,9.00,144.00,,0.00,0.00,0.00,0.00,33060.00,22040.00,0.00,0.00,0.00,0.00,0.00,0.00,0.00,0.0300,0.1700,0.0500,0.0000,0.00,0.00,0.00,0.00,0.00,0.00,,{}
17_359,17,Assembly of midsection 24,,Pending,2013-10-09 06:00:00,,55100.00,68875.00,1.2500,0.00,0.00,9.00,144.00,,0.00,0.00,0.00,0.00,33060.00,22040.00,0.00,0.00,0.00,0.00,0.00,0.00,0.00,0.0300,0.1700,0.0500,0.0000,0.00,0.00,0.00,0.00,0.00,0.00,,{}
17_360,17,Final jacket assembly 2,,Pending,2013-04-03 06:00:00,,40744.00,50930.00,1.2500,0.00,0.00,9.00,144.00,,0.00,0.00,0.00,0.00,24432.00,16312.00,0.00,0.00,0.00,0.00,0.00,0.00,0.00,0.0300,0.1700,0.0500,0.0000,0.00,0.00,0.00,0.00,0.00,0.00,,{}
17_361,17,Final jacket assembly 3,,Pending,2013-04-12 06:00:00,,40600.00,50750.00,1.2500,0.00,0.00,9.00,144.00,,0.00,0.00,0.00,0.00,24360.00,16240.00,0.00,0.00,0.00,0.00,0.00,0.00,0.00,0.0300,0.1700,0.0500,0.0000,0.00,0.00,0.00,0.00,0.00,0.00,,{}
17_362,17,Final jacket assembly 4,,Pending,2013-04-21 06:00:00,,40600.00,50750.00,1.2500,0.00,0.00,9.00,144.00,,0.00,0.00,0.00,0.00,24360.00,16240.00,0.00,0.00,0.00,0.00,0.00,0.00,0.00,0.0300,0.1700,0.0500,0.0000,0.00,0.00,0.00,0.00,0.00,0.00,,{}
17_363,17,Final jacket assembly 5,,Pending,2013-04-30 06:00:00,,40600.00,50750.00,1.2500,0.00,0.00,9.00,144.00,,0.00,0.00,0.00,0.00,24360.00,16240.00,0.00,0.00,0.00,0.00,0.00,0.00,0.00,0.0300,0.1700,0.0500,0.0000,0.00,0.00,0.00,0.00,0.00,0.00,,{}
17_364,17,Final jacket assembly 6,,Pending,2013-05-09 06:00:00,,40600.00,50750.00,1.2500,0.00,0.00,9.00,144.00,,0.00,0.00,0.00,0.00,24360.00,16240.00,0.00,0.00,0.00,0.00,0.00,0.00,0.00,0.0300,0.1700,0.0500,0.0000,0.00,0.00,0.00,0.00,0.00,0.00,,{}
17_365,17,Final jacket assembly 7,,Pending,2013-05-18 06:00:00,,40600.00,50750.00,1.2500,0.00,0.00,9.00,144.00,,0.00,0.00,0.00,0.00,24360.00,16240.00,0.00,0.00,0.00,0.00,0.00,0.00,0.00,0.0300,0.1700,0.0500,0.0000,0.00,0.00,0.00,0.00,0.00,0.00,,{}
17_366,17,Final jacket assembly 8,,Pending,2013-05-27 06:00:00,,40600.00,50750.00,1.2500,0.00,0.00,9.00,144.00,,0.00,0.00,0.00,0.00,24360.00,16240.00,0.00,0.00,0.00,0.00,0.00,0.00,0.00,0.0300,0.1700,0.0500,0.0000,0.00,0.00,0.00,0.00,0.00,0.00,,{}
17_367,17,Final jacket assembly 9,,Pending,2013-06-05 06:00:00,,40600.00,50750.00,1.2500,0.00,0.00,9.00,144.00,,0.00,0.00,0.00,0.00,24360.00,16240.00,0.00,0.00,0.00,0.00,0.00,0.00,0.00,0.0300,0.1700,0.0500,0.0000,0.00,0.00,0.00,0.00,0.00,0.00,,{}
17_368,17,Final jacket assembly 10,,Pending,2013-06-14 06:00:00,,40600.00,50750.00,1.2500,0.00,0.00,9.00,144.00,,0.00,0.00,0.00,0.00,24360.00,16240.00,0.00,0.00,0.00,0.00,0.00,0.00,0.00,0.0300,0.1700,0.0500,0.0000,0.00,0.00,0.00,0.00,0.00,0.00,,{}
17_369,17,Final jacket assembly 11,,Pending,2013-06-23 06:00:00,,40600.00,50750.00,1.2500,0.00,0.00,9.00,144.00,,0.00,0.00,0.00,0.00,24360.00,16240.00,0.00,0.00,0.00,0.00,0.00,0.00,0.00,0.0300,0.1700,0.0500,0.0000,0.00,0.00,0.00,0.00,0.00,0.00,,{}
17_370,17,Final jacket assembly 12,,Pending,2013-07-02 06:00:00,,40600.00,50750.00,1.2500,0.00,0.00,9.00,144.00,,0.00,0.00,0.00,0.00,24360.00,16240.00,0.00,0.00,0.00,0.00,0.00,0.00,0.00,0.0300,0.1700,0.0500,0.0000,0.00,0.00,0.00,0.00,0.00,0.00,,{}
17_371,17,Final jacket assembly 13,,Pending,2013-07-11 06:00:00,,40600.00,50750.00,1.2500,0.00,0.00,9.00,144.00,,0.00,0.00,0.00,0.00,24360.00,16240.00,0.00,0.00,0.00,0.00,0.00,0.00,0.00,0.0300,0.1700,0.0500,0.0000,0.00,0.00,0.00,0.00,0.00,0.00,,{}
17_372,17,Final jacket assembly 14,,Pending,2013-07-20 06:00:00,,40600.00,50750.00,1.2500,0.00,0.00,9.00,144.00,,0.00,0.00,0.00,0.00,24360.00,16240.00,0.00,0.00,0.00,0.00,0.00,0.00,0.00,0.0300,0.1700,0.0500,0.0000,0.00,0.00,0.00,0.00,0.00,0.00,,{}
17_373,17,Final jacket assembly 15,,Pending,2013-07-29 06:00:00,,40600.00,50750.00,1.2500,0.00,0.00,9.00,144.00,,0.00,0.00,0.00,0.00,24360.00,16240.00,0.00,0.00,0.00,0.00,0.00,0.00,0.00,0.0300,0.1700,0.0500,0.0000,0.00,0.00,0.00,0.00,0.00,0.00,,{}
17_374,17,Final jacket assembly 16,,Pending,2013-08-07 06:00:00,,40600.00,50750.00,1.2500,0.00,0.00,9.00,144.00,,0.00,0.00,0.00,0.00,24360.00,16240.00,0.00,0.00,0.00,0.00,0.00,0.00,0.00,0.0300,0.1700,0.0500,0.0000,0.00,0.00,0.00,0.00,0.00,0.00,,{}
17_375,17,Final jacket assembly 17,,Pending,2013-08-16 06:00:00,,40600.00,50750.00,1.2500,0.00,0.00,9.00,144.00,,0.00,0.00,0.00,0.00,24360.00,16240.00,0.00,0.00,0.00,0.00,0.00,0.00,0.00,0.0300,0.1700,0.0500,0.0000,0.00,0.00,0.00,0.00,0.00,0.00,,{}
17_376,17,Final jacket assembly 18,,Pending,2013-08-25 06:00:00,,40600.00,50750.00,1.2500,0.00,0.00,9.00,144.00,,0.00,0.00,0.00,0.00,24360.00,16240.00,0.00,0.00,0.00,0.00,0.00,0.00,0.00,0.0300,0.1700,0.0500,0.0000,0.00,0.00,0.00,0.00,0.00,0.00,,{}
17_377,17,Final jacket assembly 19,,Pending,2013-09-03 06:00:00,,40600.00,50750.00,1.2500,0.00,0.00,9.00,144.00,,0.00,0.00,0.00,0.00,24360.00,16240.00,0.00,0.00,0.00,0.00,0.00,0.00,0.00,0.0300,0.1700,0.0500,0.0000,0.00,0.00,0.00,0.00,0.00,0.00,,{}
17_378,17,Final jacket assembly 20,,Pending,2013-09-12 06:00:00,,40600.00,50750.00,1.2500,0.00,0.00,9.00,144.00,,0.00,0.00,0.00,0.00,24360.00,16240.00,0.00,0.00,0.00,0.00,0.00,0.00,0.00,0.0300,0.1700,0.0500,0.0000,0.00,0.00,0.00,0.00,0.00,0.00,,{}
17_379,17,Final jacket assembly 21,,Pending,2013-09-21 06:00:00,,40600.00,50750.00,1.2500,0.00,0.00,9.00,144.00,,0.00,0.00,0.00,0.00,24360.00,16240.00,0.00,0.00,0.00,0.00,0.00,0.00,0.00,0.0300,0.1700,0.0500,0.0000,0.00,0.00,0.00,0.00,0.00,0.00,,{}
17_380,17,Final jacket assembly 22,,Pending,2013-09-30 06:00:00,,40600.00,50750.00,1.2500,0.00,0.00,9.00,144.00,,0.00,0.00,0.00,0.00,24360.00,16240.00,0.00,0.00,0.00,0.00,0.00,0.00,0.00,0.0300,0.1700,0.0500,0.0000,0.00,0.00,0.00,0.00,0.00,0.00,,{}
17_381,17,Final jacket assembly 23,,Pending,2013-10-09 06:00:00,,40600.00,50750.00,1.2500,0.00,0.00,9.00,144.00,,0.00,0.00,0.00,0.00,24360.00,16240.00,0.00,0.00,0.00,0.00,0.00,0.00,0.00,0.0300,0.1700,0.0500,0.0000,0.00,0.00,0.00,0.00,0.00,0.00,,{}
17_382,17,Final jacket assembly 24,,Pending,2013-10-18 06:00:00,,40600.00,50750.00,1.2500,0.00,0.00,9.00,144.00,,0.00,0.00,0.00,0.00,24360.00,16240.00,0.00,0.00,0.00,0.00,0.00,0.00,0.00,0.0300,0.1700,0.0500,0.0000,0.00,0.00,0.00,0.00,0.00,0.00,,{}
17_383,17,Transport (Hoboken to Vlissingen) 2,,Pending,2013-04-12 06:00:00,,14500.00,15370.00,1.0600,0.00,0.00,1.00,16.00,,0.00,0.00,0.00,0.00,14500.00,0.00,0.00,0.00,0.00,0.00,0.00,0.00,0.00,0.0015,0.0085,0.0500,0.0000,0.00,0.00,0.00,0.00,0.00,0.00,,{}
17_384,17,Transport (Hoboken to Vlissingen) 3,,Pending,2013-04-21 06:00:00,,14500.00,15370.00,1.0600,0.00,0.00,1.00,16.00,,0.00,0.00,0.00,0.00,14500.00,0.00,0.00,0.00,0.00,0.00,0.00,0.00,0.00,0.0015,0.0085,0.0500,0.0000,0.00,0.00,0.00,0.00,0.00,0.00,,{}
17_385,17,Transport (Hoboken to Vlissingen) 4,,Pending,2013-04-30 06:00:00,,14500.00,15370.00,1.0600,0.00,0.00,1.00,16.00,,0.00,0.00,0.00,0.00,14500.00,0.00,0.00,0.00,0.00,0.00,0.00,0.00,0.00,0.0015,0.0085,0.0500,0.0000,0.00,0.00,0.00,0.00,0.00,0.00,,{}
17_386,17,Transport (Hoboken to Vlissingen) 5,,Pending,2013-05-09 06:00:00,,14500.00,15370.00,1.0600,0.00,0.00,1.00,16.00,,0.00,0.00,0.00,0.00,14500.00,0.00,0.00,0.00,0.00,0.00,0.00,0.00,0.00,0.0015,0.0085,0.0500,0.0000,0.00,0.00,0.00,0.00,0.00,0.00,,{}
17_387,17,Transport (Hoboken to Vlissingen) 6,,Pending,2013-05-18 06:00:00,,14500.00,15370.00,1.0600,0.00,0.00,1.00,16.00,,0.00,0.00,0.00,0.00,14500.00,0.00,0.00,0.00,0.00,0.00,0.00,0.00,0.00,0.0015,0.0085,0.0500,0.0000,0.00,0.00,0.00,0.00,0.00,0.00,,{}
17_388,17,Transport (Hoboken to Vlissingen) 7,,Pending,2013-05-27 06:00:00,,14500.00,15370.00,1.0600,0.00,0.00,1.00,16.00,,0.00,0.00,0.00,0.00,14500.00,0.00,0.00,0.00,0.00,0.00,0.00,0.00,0.00,0.0015,0.0085,0.0500,0.0000,0.00,0.00,0.00,0.00,0.00,0.00,,{}
17_389,17,Transport (Hoboken to Vlissingen) 8,,Pending,2013-06-05 06:00:00,,14500.00,15370.00,1.0600,0.00,0.00,1.00,16.00,,0.00,0.00,0.00,0.00,14500.00,0.00,0.00,0.00,0.00,0.00,0.00,0.00,0.00,0.0015,0.0085,0.0500,0.0000,0.00,0.00,0.00,0.00,0.00,0.00,,{}
17_390,17,Transport (Hoboken to Vlissingen) 9,,Pending,2013-06-14 06:00:00,,14500.00,15370.00,1.0600,0.00,0.00,1.00,16.00,,0.00,0.00,0.00,0.00,14500.00,0.00,0.00,0.00,0.00,0.00,0.00,0.00,0.00,0.0015,0.0085,0.0500,0.0000,0.00,0.00,0.00,0.00,0.00,0.00,,{}
17_391,17,Transport (Hoboken to Vlissingen) 10,,Pending,2013-06-23 06:00:00,,14500.00,15370.00,1.0600,0.00,0.00,1.00,16.00,,0.00,0.00,0.00,0.00,14500.00,0.00,0.00,0.00,0.00,0.00,0.00,0.00,0.00,0.0015,0.0085,0.0500,0.0000,0.00,0.00,0.00,0.00,0.00,0.00,,{}
17_392,17,Transport (Hoboken to Vlissingen) 11,,Pending,2013-07-02 06:00:00,,14500.00,15370.00,1.0600,0.00,0.00,1.00,16.00,,0.00,0.00,0.00,0.00,14500.00,0.00,0.00,0.00,0.00,0.00,0.00,0.00,0.00,0.0015,0.0085,0.0500,0.0000,0.00,0.00,0.00,0.00,0.00,0.00,,{}
17_393,17,Transport (Hoboken to Vlissingen) 12,,Pending,2013-07-11 06:00:00,,14500.00,15370.00,1.0600,0.00,0.00,1.00,16.00,,0.00,0.00,0.00,0.00,14500.00,0.00,0.00,0.00,0.00,0.00,0.00,0.00,0.00,0.0015,0.0085,0.0500,0.0000,0.00,0.00,0.00,0.00,0.00,0.00,,{}
17_394,17,Transport (Hoboken to Vlissingen) 13,,Pending,2013-07-20 06:00:00,,14500.00,15370.00,1.0600,0.00,0.00,1.00,16.00,,0.00,0.00,0.00,0.00,14500.00,0.00,0.00,0.00,0.00,0.00,0.00,0.00,0.00,0.0015,0.0085,0.0500,0.0000,0.00,0.00,0.00,0.00,0.00,0.00,,{}
17_395,17,Transport (Hoboken to Vlissingen) 14,,Pending,2013-07-29 06:00:00,,14500.00,15370.00,1.0600,0.00,0.00,1.00,16.00,,0.00,0.00,0.00,0.00,14500.00,0.00,0.00,0.00,0.00,0.00,0.00,0.00,0.00,0.0015,0.0085,0.0500,0.0000,0.00,0.00,0.00,0.00,0.00,0.00,,{}
17_396,17,Transport (Hoboken to Vlissingen) 15,,Pending,2013-08-07 06:00:00,,14500.00,15370.00,1.0600,0.00,0.00,1.00,16.00,,0.00,0.00,0.00,0.00,14500.00,0.00,0.00,0.00,0.00,0.00,0.00,0.00,0.00,0.0015,0.0085,0.0500,0.0000,0.00,0.00,0.00,0.00,0.00,0.00,,{}
17_397,17,Transport (Hoboken to Vlissingen) 16,,Pending,2013-08-16 06:00:00,,14500.00,15370.00,1.0600,0.00,0.00,1.00,16.00,,0.00,0.00,0.00,0.00,14500.00,0.00,0.00,0.00,0.00,0.00,0.00,0.00,0.00,0.0015,0.0085,0.0500,0.0000,0.00,0.00,0.00,0.00,0.00,0.00,,{}
17_398,17,Transport (Hoboken to Vlissingen) 17,,Pending,2013-08-25 06:00:00,,14500.00,15370.00,1.0600,0.00,0.00,1.00,16.00,,0.00,0.00,0.00,0.00,14500.00,0.00,0.00,0.00,0.00,0.00,0.00,0.00,0.00,0.0015,0.0085,0.0500,0.0000,0.00,0.00,0.00,0.00,0.00,0.00,,{}
17_399,17,Transport (Hoboken to Vlissingen) 18,,Pending,2013-09-03 06:00:00,,14500.00,15370.00,1.0600,0.00,0.00,1.00,16.00,,0.00,0.00,0.00,0.00,14500.00,0.00,0.00,0.00,0.00,0.00,0.00,0.00,0.00,0.0015,0.0085,0.0500,0.0000,0.00,0.00,0.00,0.00,0.00,0.00,,{}
17_400,17,Transport (Hoboken to Vlissingen) 19,,Pending,2013-09-12 06:00:00,,14500.00,15370.00,1.0600,0.00,0.00,1.00,16.00,,0.00,0.00,0.00,0.00,14500.00,0.00,0.00,0.00,0.00,0.00,0.00,0.00,0.00,0.0015,0.0085,0.0500,0.0000,0.00,0.00,0.00,0.00,0.00,0.00,,{}
17_401,17,Transport (Hoboken to Vlissingen) 20,,Pending,2013-09-21 06:00:00,,14500.00,15370.00,1.0600,0.00,0.00,1.00,16.00,,0.00,0.00,0.00,0.00,14500.00,0.00,0.00,0.00,0.00,0.00,0.00,0.00,0.00,0.0015,0.0085,0.0500,0.0000,0.00,0.00,0.00,0.00,0.00,0.00,,{}
17_402,17,Transport (Hoboken to Vlissingen) 21,,Pending,2013-09-30 06:00:00,,14500.00,15370.00,1.0600,0.00,0.00,1.00,16.00,,0.00,0.00,0.00,0.00,14500.00,0.00,0.00,0.00,0.00,0.00,0.00,0.00,0.00,0.0015,0.0085,0.0500,0.0000,0.00,0.00,0.00,0.00,0.00,0.00,,{}
17_403,17,Transport (Hoboken to Vlissingen) 22,,Pending,2013-10-09 06:00:00,,14500.00,15370.00,1.0600,0.00,0.00,1.00,16.00,,0.00,0.00,0.00,0.00,14500.00,0.00,0.00,0.00,0.00,0.00,0.00,0.00,0.00,0.0015,0.0085,0.0500,0.0000,0.00,0.00,0.00,0.00,0.00,0.00,,{}
17_404,17,Transport (Hoboken to Vlissingen) 23,,Pending,2013-10-18 06:00:00,,14500.00,15370.00,1.0600,0.00,0.00,1.00,16.00,,0.00,0.00,0.00,0.00,14500.00,0.00,0.00,0.00,0.00,0.00,0.00,0.00,0.00,0.0015,0.0085,0.0500,0.0000,0.00,0.00,0.00,0.00,0.00,0.00,,{}
17_405,17,Transport (Hoboken to Vlissingen) 24,,Pending,2013-10-27 06:00:00,,14500.00,15370.00,1.0600,0.00,0.00,1.00,16.00,,0.00,0.00,0.00,0.00,14500.00,0.00,0.00,0.00,0.00,0.00,0.00,0.00,0.00,0.0015,0.0085,0.0500,0.0000,0.00,0.00,0.00,0.00,0.00,0.00,,{}
17_407,17,Reliability tests 2,,Pending,2014-01-21 06:00:00,,12800.00,16000.00,1.2500,0.00,0.00,5.00,80.00,,12800.00,0.00,0.00,0.00,0.00,0.00,0.00,0.00,0.00,0.00,0.00,0.00,0.00,0.0300,0.1700,0.0500,0.0000,0.00,0.00,0.00,0.00,0.00,0.00,,{}
17_408,17,Reliability tests 3,,Pending,2014-01-26 06:00:00,,12800.00,16000.00,1.2500,0.00,0.00,5.00,80.00,,12800.00,0.00,0.00,0.00,0.00,0.00,0.00,0.00,0.00,0.00,0.00,0.00,0.00,0.0300,0.1700,0.0500,0.0000,0.00,0.00,0.00,0.00,0.00,0.00,,{}
17_409,17,Reliability tests 4,,Pending,2014-01-31 06:00:00,,12800.00,16000.00,1.2500,0.00,0.00,5.00,80.00,,12800.00,0.00,0.00,0.00,0.00,0.00,0.00,0.00,0.00,0.00,0.00,0.00,0.00,0.0300,0.1700,0.0500,0.0000,0.00,0.00,0.00,0.00,0.00,0.00,,{}
17_410,17,Reliability tests 5,,Pending,2014-02-05 06:00:00,,12800.00,16000.00,1.2500,0.00,0.00,5.00,80.00,,12800.00,0.00,0.00,0.00,0.00,0.00,0.00,0.00,0.00,0.00,0.00,0.00,0.00,0.0300,0.1700,0.0500,0.0000,0.00,0.00,0.00,0.00,0.00,0.00,,{}
17_411,17,Reliability tests 6,,Pending,2014-02-10 06:00:00,,12800.00,16000.00,1.2500,0.00,0.00,5.00,80.00,,12800.00,0.00,0.00,0.00,0.00,0.00,0.00,0.00,0.00,0.00,0.00,0.00,0.00,0.0300,0.1700,0.0500,0.0000,0.00,0.00,0.00,0.00,0.00,0.00,,{}
17_412,17,Reliability tests 7,,Pending,2014-02-15 06:00:00,,12800.00,16000.00,1.2500,0.00,0.00,5.00,80.00,,12800.00,0.00,0.00,0.00,0.00,0.00,0.00,0.00,0.00,0.00,0.00,0.00,0.00,0.0300,0.1700,0.0500,0.0000,0.00,0.00,0.00,0.00,0.00,0.00,,{}
17_413,17,Reliability tests 8,,Pending,2014-02-20 06:00:00,,12800.00,16000.00,1.2500,0.00,0.00,5.00,80.00,,12800.00,0.00,0.00,0.00,0.00,0.00,0.00,0.00,0.00,0.00,0.00,0.00,0.00,0.0300,0.1700,0.0500,0.0000,0.00,0.00,0.00,0.00,0.00,0.00,,{}
17_414,17,Reliability tests 9,,Pending,2014-02-25 06:00:00,,12800.00,16000.00,1.2500,0.00,0.00,5.00,80.00,,12800.00,0.00,0.00,0.00,0.00,0.00,0.00,0.00,0.00,0.00,0.00,0.00,0.00,0.0300,0.1700,0.0500,0.0000,0.00,0.00,0.00,0.00,0.00,0.00,,{}
17_415,17,Reliability tests 10,,Pending,2014-03-02 06:00:00,,12800.00,16000.00,1.2500,0.00,0.00,5.00,80.00,,12800.00,0.00,0.00,0.00,0.00,0.00,0.00,0.00,0.00,0.00,0.00,0.00,0.00,0.0300,0.1700,0.0500,0.0000,0.00,0.00,0.00,0.00,0.00,0.00,,{}
17_416,17,Reliability tests 11,,Pending,2014-03-07 06:00:00,,12800.00,16000.00,1.2500,0.00,0.00,5.00,80.00,,12800.00,0.00,0.00,0.00,0.00,0.00,0.00,0.00,0.00,0.00,0.00,0.00,0.00,0.0300,0.1700,0.0500,0.0000,0.00,0.00,0.00,0.00,0.00,0.00,,{}
17_417,17,Reliability tests 12,,Pending,2014-03-12 06:00:00,,12800.00,16000.00,1.2500,0.00,0.00,5.00,80.00,,12800.00,0.00,0.00,0.00,0.00,0.00,0.00,0.00,0.00,0.00,0.00,0.00,0.00,0.0300,0.1700,0.0500,0.0000,0.00,0.00,0.00,0.00,0.00,0.00,,{}
17_418,17,Reliability tests 13,,Pending,2014-03-17 06:00:00,,12800.00,16000.00,1.2500,0.00,0.00,5.00,80.00,,12800.00,0.00,0.00,0.00,0.00,0.00,0.00,0.00,0.00,0.00,0.00,0.00,0.00,0.0300,0.1700,0.0500,0.0000,0.00,0.00,0.00,0.00,0.00,0.00,,{}
17_419,17,Reliability tests 14,,Pending,2014-03-22 06:00:00,,12800.00,16000.00,1.2500,0.00,0.00,5.00,80.00,,12800.00,0.00,0.00,0.00,0.00,0.00,0.00,0.00,0.00,0.00,0.00,0.00,0.00,0.0300,0.1700,0.0500,0.0000,0.00,0.00,0.00,0.00,0.00,0.00,,{}
17_420,17,Reliability tests 16,,Pending,2014-03-27 06:00:00,,12800.00,16000.00,1.2500,0.00,0.00,5.00,80.00,,12800.00,0.00,0.00,0.00,0.00,0.00,0.00,0.00,0.00,0.00,0.00,0.00,0.00,0.0300,0.1700,0.0500,0.0000,0.00,0.00,0.00,0.00,0.00,0.00,,{}
17_421,17,Reliability tests 15,,Pending,2014-04-01 06:00:00,,12800.00,16000.00,1.2500,0.00,0.00,5.00,80.00,,12800.00,0.00,0.00,0.00,0.00,0.00,0.00,0.00,0.00,0.00,0.00,0.00,0.00,0.0300,0.1700,0.0500,0.0000,0.00,0.00,0.00,0.00,0.00,0.00,,{}
17_422,17,Reliability tests 17,,Pending,2014-04-06 06:00:00,,12800.00,16000.00,1.2500,0.00,0.00,5.00,80.00,,12800.00,0.00,0.00,0.00,0.00,0.00,0.00,0.00,0.00,0.00,0.00,0.00,0.00,0.0300,0.1700,0.0500,0.0000,0.00,0.00,0.00,0.00,0.00,0.00,,{}
17_423,17,Reliability tests 18,,Pending,2014-04-11 06:00:00,,12800.00,16000.00,1.2500,0.00,0.00,5.00,80.00,,12800.00,0.00,0.00,0.00,0.00,0.00,0.00,0.00,0.00,0.00,0.00,0.00,0.00,0.0300,0.1700,0.0500,0.0000,0.00,0.00,0.00,0.00,0.00,0.00,,{}
17_424,17,Reliability tests 19,,Pending,2014-04-23 07:00:00,,12800.00,16000.00,1.2500,0.00,0.00,5.00,80.00,,12800.00,0.00,0.00,0.00,0.00,0.00,0.00,0.00,0.00,0.00,0.00,0.00,0.00,0.0300,0.1700,0.0500,0.0000,0.00,0.00,0.00,0.00,0.00,0.00,,{}
17_425,17,Reliability tests 20,,Pending,2014-04-28 07:00:00,,12800.00,16000.00,1.2500,0.00,0.00,5.00,80.00,,12800.00,0.00,0.00,0.00,0.00,0.00,0.00,0.00,0.00,0.00,0.00,0.00,0.00,0.0300,0.1700,0.0500,0.0000,0.00,0.00,0.00,0.00,0.00,0.00,,{}
17_426,17,Reliability tests 21,,Pending,2014-05-03 07:00:00,,12800.00,16000.00,1.2500,0.00,0.00,5.00,80.00,,12800.00,0.00,0.00,0.00,0.00,0.00,0.00,0.00,0.00,0.00,0.00,0.00,0.00,0.0300,0.1700,0.0500,0.0000,0.00,0.00,0.00,0.00,0.00,0.00,,{}
17_427,17,Reliability tests 22,,Pending,2014-05-08 07:00:00,,12800.00,16000.00,1.2500,0.00,0.00,5.00,80.00,,12800.00,0.00,0.00,0.00,0.00,0.00,0.00,0.00,0.00,0.00,0.00,0.00,0.00,0.0300,0.1700,0.0500,0.0000,0.00,0.00,0.00,0.00,0.00,0.00,,{}
17_428,17,Reliability tests 23,,Pending,2014-05-13 07:00:00,,12800.00,16000.00,1.2500,0.00,0.00,5.00,80.00,,12800.00,0.00,0.00,0.00,0.00,0.00,0.00,0.00,0.00,0.00,0.00,0.00,0.00,0.0300,0.1700,0.0500,0.0000,0.00,0.00,0.00,0.00,0.00,0.00,,{}
17_429,17,Reliability tests 24,,Pending,2014-04-18 07:00:00,,12800.00,16000.00,1.2500,0.00,0.00,5.00,80.00,,12800.00,0.00,0.00,0.00,0.00,0.00,0.00,0.00,0.00,0.00,0.00,0.00,0.00,0.0300,0.1700,0.0500,0.0000,0.00,0.00,0.00,0.00,0.00,0.00,,{}
17_431,17,Commissioning of wind turbines 2,,Pending,2014-01-16 06:00:00,,64000.00,86400.00,1.3500,0.00,0.00,5.00,80.00,,64000.00,0.00,0.00,0.00,0.00,0.00,0.00,0.00,0.00,0.00,0.00,0.00,0.00,0.0300,0.1700,0.0500,0.1000,0.00,0.00,0.00,0.00,0.00,0.00,,{}
17_432,17,Commissioning of wind turbines 3,,Pending,2014-01-21 06:00:00,,64000.00,86400.00,1.3500,0.00,0.00,5.00,80.00,,64000.00,0.00,0.00,0.00,0.00,0.00,0.00,0.00,0.00,0.00,0.00,0.00,0.00,0.0300,0.1700,0.0500,0.1000,0.00,0.00,0.00,0.00,0.00,0.00,,{}
17_433,17,Commissioning of wind turbines 4,,Pending,2014-01-26 06:00:00,,64000.00,86400.00,1.3500,0.00,0.00,5.00,80.00,,64000.00,0.00,0.00,0.00,0.00,0.00,0.00,0.00,0.00,0.00,0.00,0.00,0.00,0.0300,0.1700,0.0500,0.1000,0.00,0.00,0.00,0.00,0.00,0.00,,{}
17_434,17,Commissioning of wind turbines 5,,Pending,2014-01-31 06:00:00,,64000.00,86400.00,1.3500,0.00,0.00,5.00,80.00,,64000.00,0.00,0.00,0.00,0.00,0.00,0.00,0.00,0.00,0.00,0.00,0.00,0.00,0.0300,0.1700,0.0500,0.1000,0.00,0.00,0.00,0.00,0.00,0.00,,{}
17_435,17,Commissioning of wind turbines 6,,Pending,2014-02-05 06:00:00,,64000.00,86400.00,1.3500,0.00,0.00,5.00,80.00,,64000.00,0.00,0.00,0.00,0.00,0.00,0.00,0.00,0.00,0.00,0.00,0.00,0.00,0.0300,0.1700,0.0500,0.1000,0.00,0.00,0.00,0.00,0.00,0.00,,{}
17_436,17,Commissioning of wind turbines 7,,Pending,2014-02-10 06:00:00,,64000.00,86400.00,1.3500,0.00,0.00,5.00,80.00,,64000.00,0.00,0.00,0.00,0.00,0.00,0.00,0.00,0.00,0.00,0.00,0.00,0.00,0.0300,0.1700,0.0500,0.1000,0.00,0.00,0.00,0.00,0.00,0.00,,{}
17_437,17,Commissioning of wind turbines 8,,Pending,2014-02-15 06:00:00,,64000.00,86400.00,1.3500,0.00,0.00,5.00,80.00,,64000.00,0.00,0.00,0.00,0.00,0.00,0.00,0.00,0.00,0.00,0.00,0.00,0.00,0.0300,0.1700,0.0500,0.1000,0.00,0.00,0.00,0.00,0.00,0.00,,{}
17_438,17,Commissioning of wind turbines 9,,Pending,2014-02-20 06:00:00,,64000.00,86400.00,1.3500,0.00,0.00,5.00,80.00,,64000.00,0.00,0.00,0.00,0.00,0.00,0.00,0.00,0.00,0.00,0.00,0.00,0.00,0.0300,0.1700,0.0500,0.1000,0.00,0.00,0.00,0.00,0.00,0.00,,{}
17_439,17,Commissioning of wind turbines 10,,Pending,2014-02-25 06:00:00,,64000.00,86400.00,1.3500,0.00,0.00,5.00,80.00,,64000.00,0.00,0.00,0.00,0.00,0.00,0.00,0.00,0.00,0.00,0.00,0.00,0.00,0.0300,0.1700,0.0500,0.1000,0.00,0.00,0.00,0.00,0.00,0.00,,{}
17_440,17,Commissioning of wind turbines 11,,Pending,2014-03-02 06:00:00,,64000.00,86400.00,1.3500,0.00,0.00,5.00,80.00,,64000.00,0.00,0.00,0.00,0.00,0.00,0.00,0.00,0.00,0.00,0.00,0.00,0.00,0.0300,0.1700,0.0500,0.1000,0.00,0.00,0.00,0.00,0.00,0.00,,{}
17_441,17,Commissioning of wind turbines 12,,Pending,2014-03-07 06:00:00,,64000.00,86400.00,1.3500,0.00,0.00,5.00,80.00,,64000.00,0.00,0.00,0.00,0.00,0.00,0.00,0.00,0.00,0.00,0.00,0.00,0.00,0.0300,0.1700,0.0500,0.1000,0.00,0.00,0.00,0.00,0.00,0.00,,{}
17_442,17,Commissioning of wind turbines 13,,Pending,2014-03-12 06:00:00,,64000.00,86400.00,1.3500,0.00,0.00,5.00,80.00,,64000.00,0.00,0.00,0.00,0.00,0.00,0.00,0.00,0.00,0.00,0.00,0.00,0.00,0.0300,0.1700,0.0500,0.1000,0.00,0.00,0.00,0.00,0.00,0.00,,{}
17_443,17,Commissioning of wind turbines 14,,Pending,2014-03-17 06:00:00,,64000.00,86400.00,1.3500,0.00,0.00,5.00,80.00,,64000.00,0.00,0.00,0.00,0.00,0.00,0.00,0.00,0.00,0.00,0.00,0.00,0.00,0.0300,0.1700,0.0500,0.1000,0.00,0.00,0.00,0.00,0.00,0.00,,{}
17_444,17,Commissioning of wind turbines 15,,Pending,2014-03-22 06:00:00,,64000.00,86400.00,1.3500,0.00,0.00,5.00,80.00,,64000.00,0.00,0.00,0.00,0.00,0.00,0.00,0.00,0.00,0.00,0.00,0.00,0.00,0.0300,0.1700,0.0500,0.1000,0.00,0.00,0.00,0.00,0.00,0.00,,{}
17_445,17,Commissioning of wind turbines 16,,Pending,2014-03-27 06:00:00,,64000.00,86400.00,1.3500,0.00,0.00,5.00,80.00,,64000.00,0.00,0.00,0.00,0.00,0.00,0.00,0.00,0.00,0.00,0.00,0.00,0.00,0.0300,0.1700,0.0500,0.1000,0.00,0.00,0.00,0.00,0.00,0.00,,{}
17_446,17,Commissioning of wind turbines 17,,Pending,2014-04-01 06:00:00,,64000.00,86400.00,1.3500,0.00,0.00,5.00,80.00,,64000.00,0.00,0.00,0.00,0.00,0.00,0.00,0.00,0.00,0.00,0.00,0.00,0.00,0.0300,0.1700,0.0500,0.1000,0.00,0.00,0.00,0.00,0.00,0.00,,{}
17_447,17,Commissioning of wind turbines 18,,Pending,2014-04-06 06:00:00,,64000.00,86400.00,1.3500,0.00,0.00,5.00,80.00,,64000.00,0.00,0.00,0.00,0.00,0.00,0.00,0.00,0.00,0.00,0.00,0.00,0.00,0.0300,0.1700,0.0500,0.1000,0.00,0.00,0.00,0.00,0.00,0.00,,{}
17_448,17,Commissioning of wind turbines 19,,Pending,2014-04-18 07:00:00,,64000.00,86400.00,1.3500,0.00,0.00,5.00,80.00,,64000.00,0.00,0.00,0.00,0.00,0.00,0.00,0.00,0.00,0.00,0.00,0.00,0.00,0.0300,0.1700,0.0500,0.1000,0.00,0.00,0.00,0.00,0.00,0.00,,{}
17_449,17,Commissioning of wind turbines 20,,Pending,2014-04-23 07:00:00,,64000.00,86400.00,1.3500,0.00,0.00,5.00,80.00,,64000.00,0.00,0.00,0.00,0.00,0.00,0.00,0.00,0.00,0.00,0.00,0.00,0.00,0.0300,0.1700,0.0500,0.1000,0.00,0.00,0.00,0.00,0.00,0.00,,{}
17_450,17,Commissioning of wind turbines 21,,Pending,2014-04-28 07:00:00,,64000.00,86400.00,1.3500,0.00,0.00,5.00,80.00,,64000.00,0.00,0.00,0.00,0.00,0.00,0.00,0.00,0.00,0.00,0.00,0.00,0.00,0.0300,0.1700,0.0500,0.1000,0.00,0.00,0.00,0.00,0.00,0.00,,{}
17_451,17,Commissioning of wind turbines 22,,Pending,2014-05-03 07:00:00,,64000.00,86400.00,1.3500,0.00,0.00,5.00,80.00,,64000.00,0.00,0.00,0.00,0.00,0.00,0.00,0.00,0.00,0.00,0.00,0.00,0.00,0.0300,0.1700,0.0500,0.1000,0.00,0.00,0.00,0.00,0.00,0.00,,{}
17_452,17,Commissioning of wind turbines 23,,Pending,2014-05-08 07:00:00,,64000.00,86400.00,1.3500,0.00,0.00,5.00,80.00,,64000.00,0.00,0.00,0.00,0.00,0.00,0.00,0.00,0.00,0.00,0.00,0.00,0.00,0.0300,0.1700,0.0500,0.1000,0.00,0.00,0.00,0.00,0.00,0.00,,{}
17_453,17,Commissioning of wind turbines 24,,Pending,2014-04-13 07:00:00,,64000.00,86400.00,1.3500,0.00,0.00,5.00,80.00,,64000.00,0.00,0.00,0.00,0.00,0.00,0.00,0.00,0.00,0.00,0.00,0.00,0.00,0.0300,0.1700,0.0500,0.1000,0.00,0.00,0.00,0.00,0.00,0.00,,{}
17_455,17,Terminations of infield cables 2,,Pending,2014-01-12 07:00:00,,38400.00,48000.00,1.2500,0.00,0.00,3.00,48.00,,38400.00,0.00,0.00,0.00,0.00,0.00,0.00,0.00,0.00,0.00,0.00,0.00,0.00,0.0300,0.1700,0.0500,0.0000,0.00,0.00,0.00,0.00,0.00,0.00,,{}
17_456,17,Terminations of infield cables 3,,Pending,2014-01-16 07:00:00,,38400.00,48000.00,1.2500,0.00,0.00,3.00,48.00,,38400.00,0.00,0.00,0.00,0.00,0.00,0.00,0.00,0.00,0.00,0.00,0.00,0.00,0.0300,0.1700,0.0500,0.0000,0.00,0.00,0.00,0.00,0.00,0.00,,{}
17_457,17,Terminations of infield cables 4,,Pending,2014-01-20 07:00:00,,38400.00,48000.00,1.2500,0.00,0.00,3.00,48.00,,38400.00,0.00,0.00,0.00,0.00,0.00,0.00,0.00,0.00,0.00,0.00,0.00,0.00,0.0300,0.1700,0.0500,0.0000,0.00,0.00,0.00,0.00,0.00,0.00,,{}
17_458,17,Terminations of infield cables 5,,Pending,2014-01-24 07:00:00,,38400.00,48000.00,1.2500,0.00,0.00,3.00,48.00,,38400.00,0.00,0.00,0.00,0.00,0.00,0.00,0.00,0.00,0.00,0.00,0.00,0.00,0.0300,0.1700,0.0500,0.0000,0.00,0.00,0.00,0.00,0.00,0.00,,{}
17_459,17,Terminations of infield cables 6,,Pending,2014-01-28 07:00:00,,38400.00,48000.00,1.2500,0.00,0.00,3.00,48.00,,38400.00,0.00,0.00,0.00,0.00,0.00,0.00,0.00,0.00,0.00,0.00,0.00,0.00,0.0300,0.1700,0.0500,0.0000,0.00,0.00,0.00,0.00,0.00,0.00,,{}
17_46,17,Towers by AMAU-Cuxhaven Germany,,Pending,2013-05-12 06:00:00,,14400000.00,15264000.00,1.0600,0.00,0.00,240.00,3840.00,,0.00,0.00,0.00,0.00,14400000.00,0.00,0.00,0.00,0.00,0.00,0.00,0.00,0.00,0.0015,0.0085,0.0500,0.0000,0.00,0.00,0.00,0.00,0.00,0.00,,{}
17_460,17,Terminations of infield cables 7,,Pending,2014-02-02 07:00:00,,38400.00,48000.00,1.2500,0.00,0.00,3.00,48.00,,38400.00,0.00,0.00,0.00,0.00,0.00,0.00,0.00,0.00,0.00,0.00,0.00,0.00,0.0300,0.1700,0.0500,0.0000,0.00,0.00,0.00,0.00,0.00,0.00,,{}
17_461,17,Terminations of infield cables 8,,Pending,2014-02-05 07:00:00,,38400.00,48000.00,1.2500,0.00,0.00,3.00,48.00,,38400.00,0.00,0.00,0.00,0.00,0.00,0.00,0.00,0.00,0.00,0.00,0.00,0.00,0.0300,0.1700,0.0500,0.0000,0.00,0.00,0.00,0.00,0.00,0.00,,{}
17_462,17,Terminations of infield cables 9,,Pending,2014-02-09 07:00:00,,38400.00,48000.00,1.2500,0.00,0.00,3.00,48.00,,38400.00,0.00,0.00,0.00,0.00,0.00,0.00,0.00,0.00,0.00,0.00,0.00,0.00,0.0300,0.1700,0.0500,0.0000,0.00,0.00,0.00,0.00,0.00,0.00,,{}
17_463,17,Terminations of infield cables 10,,Pending,2014-02-13 07:00:00,,38400.00,48000.00,1.2500,0.00,0.00,3.00,48.00,,38400.00,0.00,0.00,0.00,0.00,0.00,0.00,0.00,0.00,0.00,0.00,0.00,0.00,0.0300,0.1700,0.0500,0.0000,0.00,0.00,0.00,0.00,0.00,0.00,,{}
17_464,17,Terminations of infield cables 11,,Pending,2014-02-17 07:00:00,,38400.00,48000.00,1.2500,0.00,0.00,3.00,48.00,,38400.00,0.00,0.00,0.00,0.00,0.00,0.00,0.00,0.00,0.00,0.00,0.00,0.00,0.0300,0.1700,0.0500,0.0000,0.00,0.00,0.00,0.00,0.00,0.00,,{}
17_465,17,Terminations of infield cables 12,,Pending,2014-02-21 07:00:00,,38400.00,48000.00,1.2500,0.00,0.00,3.00,48.00,,38400.00,0.00,0.00,0.00,0.00,0.00,0.00,0.00,0.00,0.00,0.00,0.00,0.00,0.0300,0.1700,0.0500,0.0000,0.00,0.00,0.00,0.00,0.00,0.00,,{}
17_466,17,Terminations of infield cables 13,,Pending,2014-02-25 07:00:00,,38400.00,48000.00,1.2500,0.00,0.00,3.00,48.00,,38400.00,0.00,0.00,0.00,0.00,0.00,0.00,0.00,0.00,0.00,0.00,0.00,0.00,0.0300,0.1700,0.0500,0.0000,0.00,0.00,0.00,0.00,0.00,0.00,,{}
17_467,17,Terminations of infield cables 14,,Pending,2014-03-01 07:00:00,,38400.00,48000.00,1.2500,0.00,0.00,3.00,48.00,,38400.00,0.00,0.00,0.00,0.00,0.00,0.00,0.00,0.00,0.00,0.00,0.00,0.00,0.0300,0.1700,0.0500,0.0000,0.00,0.00,0.00,0.00,0.00,0.00,,{}
17_468,17,Terminations of infield cables 15,,Pending,2014-03-05 07:00:00,,38400.00,48000.00,1.2500,0.00,0.00,3.00,48.00,,38400.00,0.00,0.00,0.00,0.00,0.00,0.00,0.00,0.00,0.00,0.00,0.00,0.00,0.0300,0.1700,0.0500,0.0000,0.00,0.00,0.00,0.00,0.00,0.00,,{}
17_469,17,Terminations of infield cables 16,,Pending,2014-03-09 07:00:00,,38400.00,48000.00,1.2500,0.00,0.00,3.00,48.00,,38400.00,0.00,0.00,0.00,0.00,0.00,0.00,0.00,0.00,0.00,0.00,0.00,0.00,0.0300,0.1700,0.0500,0.0000,0.00,0.00,0.00,0.00,0.00,0.00,,{}
17_47,17,Blades by LM Denmark,,Pending,2013-02-04 18:00:00,,8640000.00,9158400.00,1.0600,0.00,0.00,240.00,3840.00,,0.00,0.00,0.00,0.00,8640000.00,0.00,0.00,0.00,0.00,0.00,0.00,0.00,0.00,0.0015,0.0085,0.0500,0.0000,0.00,0.00,0.00,0.00,0.00,0.00,,{}
17_470,17,Terminations of infield cables 17,,Pending,2014-03-13 07:00:00,,38400.00,48000.00,1.2500,0.00,0.00,3.00,48.00,,38400.00,0.00,0.00,0.00,0.00,0.00,0.00,0.00,0.00,0.00,0.00,0.00,0.00,0.0300,0.1700,0.0500,0.0000,0.00,0.00,0.00,0.00,0.00,0.00,,{}
17_471,17,Terminations of infield cables 18,,Pending,2014-03-17 07:00:00,,38400.00,48000.00,1.2500,0.00,0.00,3.00,48.00,,38400.00,0.00,0.00,0.00,0.00,0.00,0.00,0.00,0.00,0.00,0.00,0.00,0.00,0.0300,0.1700,0.0500,0.0000,0.00,0.00,0.00,0.00,0.00,0.00,,{}
17_472,17,Terminations of infield cables 19,,Pending,2014-03-21 07:00:00,,38400.00,48000.00,1.2500,0.00,0.00,3.00,48.00,,38400.00,0.00,0.00,0.00,0.00,0.00,0.00,0.00,0.00,0.00,0.00,0.00,0.00,0.0300,0.1700,0.0500,0.0000,0.00,0.00,0.00,0.00,0.00,0.00,,{}
17_473,17,Terminations of infield cables 20,,Pending,2014-03-25 07:00:00,,38400.00,48000.00,1.2500,0.00,0.00,3.00,48.00,,38400.00,0.00,0.00,0.00,0.00,0.00,0.00,0.00,0.00,0.00,0.00,0.00,0.00,0.0300,0.1700,0.0500,0.0000,0.00,0.00,0.00,0.00,0.00,0.00,,{}
17_474,17,Terminations of infield cables 21,,Pending,2014-03-29 07:00:00,,38400.00,48000.00,1.2500,0.00,0.00,3.00,48.00,,38400.00,0.00,0.00,0.00,0.00,0.00,0.00,0.00,0.00,0.00,0.00,0.00,0.00,0.0300,0.1700,0.0500,0.0000,0.00,0.00,0.00,0.00,0.00,0.00,,{}
17_475,17,Terminations of infield cables 22,,Pending,2014-04-02 07:00:00,,38400.00,48000.00,1.2500,0.00,0.00,3.00,48.00,,38400.00,0.00,0.00,0.00,0.00,0.00,0.00,0.00,0.00,0.00,0.00,0.00,0.00,0.0300,0.1700,0.0500,0.0000,0.00,0.00,0.00,0.00,0.00,0.00,,{}
17_476,17,Terminations of infield cables 23,,Pending,2014-04-06 07:00:00,,38400.00,48000.00,1.2500,0.00,0.00,3.00,48.00,,38400.00,0.00,0.00,0.00,0.00,0.00,0.00,0.00,0.00,0.00,0.00,0.00,0.00,0.0300,0.1700,0.0500,0.0000,0.00,0.00,0.00,0.00,0.00,0.00,,{}
17_477,17,Terminations of infield cables 24,,Pending,2014-04-10 07:00:00,,38400.00,48000.00,1.2500,0.00,0.00,3.00,48.00,,38400.00,0.00,0.00,0.00,0.00,0.00,0.00,0.00,0.00,0.00,0.00,0.00,0.00,0.0300,0.1700,0.0500,0.0000,0.00,0.00,0.00,0.00,0.00,0.00,,{}
17_478,17,Offshore assembly of wind turbines 1,,Pending,2013-12-21 06:00:00,,465984.00,582480.00,1.2500,0.00,0.00,1.00,16.00,,143520.00,0.00,110880.00,0.00,105792.00,105792.00,0.00,0.00,0.00,0.00,0.00,0.00,0.00,0.0300,0.1700,0.0500,0.0000,0.00,0.00,0.00,0.00,0.00,0.00,,{}
17_479,17,Offshore assembly of wind turbines 2,,Pending,2014-01-09 07:00:00,,254400.00,318000.00,1.2500,0.00,0.00,1.00,16.00,,143520.00,0.00,110880.00,0.00,0.00,0.00,0.00,0.00,0.00,0.00,0.00,0.00,0.00,0.0300,0.1700,0.0500,0.0000,0.00,0.00,0.00,0.00,0.00,0.00,,{}
17_48,17,Generators by VEM Germany,,Pending,2013-03-16 07:00:00,,12096000.00,12821760.00,1.0600,0.00,0.00,240.00,3840.00,,0.00,0.00,0.00,0.00,12096000.00,0.00,0.00,0.00,0.00,0.00,0.00,0.00,0.00,0.0015,0.0085,0.0500,0.0000,0.00,0.00,0.00,0.00,0.00,0.00,,{}
17_480,17,Offshore assembly of wind turbines 3,,Pending,2014-01-13 07:00:00,,254400.00,318000.00,1.2500,0.00,0.00,1.00,16.00,,143520.00,0.00,110880.00,0.00,0.00,0.00,0.00,0.00,0.00,0.00,0.00,0.00,0.00,0.0300,0.1700,0.0500,0.0000,0.00,0.00,0.00,0.00,0.00,0.00,,{}
17_481,17,Offshore assembly of wind turbines 4,,Pending,2014-01-17 07:00:00,,254400.00,318000.00,1.2500,0.00,0.00,1.00,16.00,,143520.00,0.00,110880.00,0.00,0.00,0.00,0.00,0.00,0.00,0.00,0.00,0.00,0.00,0.0300,0.1700,0.0500,0.0000,0.00,0.00,0.00,0.00,0.00,0.00,,{}
17_482,17,Offshore assembly of wind turbines 5,,Pending,2014-01-21 07:00:00,,254400.00,318000.00,1.2500,0.00,0.00,1.00,16.00,,143520.00,0.00,110880.00,0.00,0.00,0.00,0.00,0.00,0.00,0.00,0.00,0.00,0.00,0.0300,0.1700,0.0500,0.0000,0.00,0.00,0.00,0.00,0.00,0.00,,{}
17_483,17,Offshore assembly of wind turbines 6,,Pending,2014-01-25 07:00:00,,254400.00,318000.00,1.2500,0.00,0.00,1.00,16.00,,143520.00,0.00,110880.00,0.00,0.00,0.00,0.00,0.00,0.00,0.00,0.00,0.00,0.00,0.0300,0.1700,0.0500,0.0000,0.00,0.00,0.00,0.00,0.00,0.00,,{}
17_484,17,Offshore assembly of wind turbines 7,,Pending,2014-01-29 07:00:00,,254400.00,318000.00,1.2500,0.00,0.00,1.00,16.00,,143520.00,0.00,110880.00,0.00,0.00,0.00,0.00,0.00,0.00,0.00,0.00,0.00,0.00,0.0300,0.1700,0.0500,0.0000,0.00,0.00,0.00,0.00,0.00,0.00,,{}
17_485,17,Offshore assembly of wind turbines 8,,Pending,2014-02-02 07:00:00,,254400.00,318000.00,1.2500,0.00,0.00,1.00,16.00,,143520.00,0.00,110880.00,0.00,0.00,0.00,0.00,0.00,0.00,0.00,0.00,0.00,0.00,0.0300,0.1700,0.0500,0.0000,0.00,0.00,0.00,0.00,0.00,0.00,,{}
17_486,17,Offshore assembly of wind turbines 9,,Pending,2014-02-06 07:00:00,,254400.00,318000.00,1.2500,0.00,0.00,1.00,16.00,,143520.00,0.00,110880.00,0.00,0.00,0.00,0.00,0.00,0.00,0.00,0.00,0.00,0.00,0.0300,0.1700,0.0500,0.0000,0.00,0.00,0.00,0.00,0.00,0.00,,{}
17_487,17,Offshore assembly of wind turbines 10,,Pending,2014-02-10 07:00:00,,254400.00,318000.00,1.2500,0.00,0.00,1.00,16.00,,143520.00,0.00,110880.00,0.00,0.00,0.00,0.00,0.00,0.00,0.00,0.00,0.00,0.00,0.0300,0.1700,0.0500,0.0000,0.00,0.00,0.00,0.00,0.00,0.00,,{}
17_488,17,Offshore assembly of wind turbines 11,,Pending,2014-02-14 07:00:00,,254400.00,318000.00,1.2500,0.00,0.00,1.00,16.00,,143520.00,0.00,110880.00,0.00,0.00,0.00,0.00,0.00,0.00,0.00,0.00,0.00,0.00,0.0300,0.1700,0.0500,0.0000,0.00,0.00,0.00,0.00,0.00,0.00,,{}
17_489,17,Offshore assembly of wind turbines 12,,Pending,2014-02-18 07:00:00,,254400.00,318000.00,1.2500,0.00,0.00,1.00,16.00,,143520.00,0.00,110880.00,0.00,0.00,0.00,0.00,0.00,0.00,0.00,0.00,0.00,0.00,0.0300,0.1700,0.0500,0.0000,0.00,0.00,0.00,0.00,0.00,0.00,,{}
17_49,17,Gearboxes by WINERGY-Vörde Germany and Hansen Belgium,,Pending,2013-03-16 07:00:00,,22464000.00,23811840.00,1.0600,0.00,0.00,240.00,3840.00,,0.00,0.00,0.00,0.00,22464000.00,0.00,0.00,0.00,0.00,0.00,0.00,0.00,0.00,0.0015,0.0085,0.0500,0.0000,0.00,0.00,0.00,0.00,0.00,0.00,,{}
17_490,17,Offshore assembly of wind turbines 13,,Pending,2014-02-22 07:00:00,,254400.00,318000.00,1.2500,0.00,0.00,1.00,16.00,,143520.00,0.00,110880.00,0.00,0.00,0.00,0.00,0.00,0.00,0.00,0.00,0.00,0.00,0.0300,0.1700,0.0500,0.0000,0.00,0.00,0.00,0.00,0.00,0.00,,{}
17_491,17,Offshore assembly of wind turbines 14,,Pending,2014-02-26 07:00:00,,254400.00,318000.00,1.2500,0.00,0.00,1.00,16.00,,143520.00,0.00,110880.00,0.00,0.00,0.00,0.00,0.00,0.00,0.00,0.00,0.00,0.00,0.0300,0.1700,0.0500,0.0000,0.00,0.00,0.00,0.00,0.00,0.00,,{}
17_492,17,Offshore assembly of wind turbines 15,,Pending,2014-03-02 07:00:00,,254400.00,318000.00,1.2500,0.00,0.00,1.00,16.00,,143520.00,0.00,110880.00,0.00,0.00,0.00,0.00,0.00,0.00,0.00,0.00,0.00,0.00,0.0300,0.1700,0.0500,0.0000,0.00,0.00,0.00,0.00,0.00,0.00,,{}
17_493,17,Offshore assembly of wind turbines 16,,Pending,2014-03-06 07:00:00,,254400.00,318000.00,1.2500,0.00,0.00,1.00,16.00,,143520.00,0.00,110880.00,0.00,0.00,0.00,0.00,0.00,0.00,0.00,0.00,0.00,0.00,0.0300,0.1700,0.0500,0.0000,0.00,0.00,0.00,0.00,0.00,0.00,,{}
17_494,17,Offshore assembly of wind turbines 17,,Pending,2014-03-10 07:00:00,,254400.00,318000.00,1.2500,0.00,0.00,1.00,16.00,,143520.00,0.00,110880.00,0.00,0.00,0.00,0.00,0.00,0.00,0.00,0.00,0.00,0.00,0.0300,0.1700,0.0500,0.0000,0.00,0.00,0.00,0.00,0.00,0.00,,{}
17_495,17,Offshore assembly of wind turbines 18,,Pending,2014-03-14 07:00:00,,254400.00,318000.00,1.2500,0.00,0.00,1.00,16.00,,143520.00,0.00,110880.00,0.00,0.00,0.00,0.00,0.00,0.00,0.00,0.00,0.00,0.00,0.0300,0.1700,0.0500,0.0000,0.00,0.00,0.00,0.00,0.00,0.00,,{}
17_496,17,Offshore assembly of wind turbines 19,,Pending,2014-03-18 07:00:00,,254400.00,318000.00,1.2500,0.00,0.00,1.00,16.00,,143520.00,0.00,110880.00,0.00,0.00,0.00,0.00,0.00,0.00,0.00,0.00,0.00,0.00,0.0300,0.1700,0.0500,0.0000,0.00,0.00,0.00,0.00,0.00,0.00,,{}
17_497,17,Offshore assembly of wind turbines 20,,Pending,2014-03-22 07:00:00,,254400.00,318000.00,1.2500,0.00,0.00,1.00,16.00,,143520.00,0.00,110880.00,0.00,0.00,0.00,0.00,0.00,0.00,0.00,0.00,0.00,0.00,0.0300,0.1700,0.0500,0.0000,0.00,0.00,0.00,0.00,0.00,0.00,,{}
17_498,17,Offshore assembly of wind turbines 21,,Pending,2014-03-26 07:00:00,,254400.00,318000.00,1.2500,0.00,0.00,1.00,16.00,,143520.00,0.00,110880.00,0.00,0.00,0.00,0.00,0.00,0.00,0.00,0.00,0.00,0.00,0.0300,0.1700,0.0500,0.0000,0.00,0.00,0.00,0.00,0.00,0.00,,{}
17_499,17,Offshore assembly of wind turbines 22,,Pending,2014-03-30 07:00:00,,254400.00,318000.00,1.2500,0.00,0.00,1.00,16.00,,143520.00,0.00,110880.00,0.00,0.00,0.00,0.00,0.00,0.00,0.00,0.00,0.00,0.00,0.0300,0.1700,0.0500,0.0000,0.00,0.00,0.00,0.00,0.00,0.00,,{}
17_50,17,Gearboxes Germany-Ostend/Antwerp-Ostend,,Pending,2013-10-02 07:00:00,,1027000.00,1335100.00,1.3000,0.00,0.00,48.00,768.00,,0.00,0.00,0.00,0.00,1027000.00,0.00,0.00,0.00,0.00,0.00,0.00,0.00,0.00,0.0300,0.1700,0.1000,0.0000,0.00,0.00,0.00,0.00,0.00,0.00,,{}
17_500,17,Offshore assembly of wind turbines 23,,Pending,2014-04-03 07:00:00,,254400.00,318000.00,1.2500,0.00,0.00,1.00,16.00,,143520.00,0.00,110880.00,0.00,0.00,0.00,0.00,0.00,0.00,0.00,0.00,0.00,0.00,0.0300,0.1700,0.0500,0.0000,0.00,0.00,0.00,0.00,0.00,0.00,,{}
17_501,17,Offshore assembly of wind turbines 24,,Pending,2014-04-07 07:00:00,,254400.00,318000.00,1.2500,0.00,0.00,1.00,16.00,,143520.00,0.00,110880.00,0.00,0.00,0.00,0.00,0.00,0.00,0.00,0.00,0.00,0.00,0.0300,0.1700,0.0500,0.0000,0.00,0.00,0.00,0.00,0.00,0.00,,{}
17_502,17,Loading jack up transport and installation platform 1,,Pending,2013-12-18 06:00:00,,1417200.00,1771500.00,1.2500,0.00,0.00,3.00,48.00,,440160.00,0.00,342240.00,0.00,0.00,0.00,0.00,317400.00,0.00,317400.00,0.00,0.00,0.00,0.0300,0.1700,0.0500,0.0000,0.00,0.00,0.00,0.00,0.00,0.00,,{}
17_503,17,Loading jack up transport and installation platform 2,,Pending,2014-01-06 07:00:00,,782400.00,978000.00,1.2500,0.00,0.00,3.00,48.00,,440160.00,0.00,342240.00,0.00,0.00,0.00,0.00,0.00,0.00,0.00,0.00,0.00,0.00,0.0300,0.1700,0.0500,0.0000,0.00,0.00,0.00,0.00,0.00,0.00,,{}
17_504,17,Loading jack up transport and installation platform 3,,Pending,2014-01-10 07:00:00,,782400.00,978000.00,1.2500,0.00,0.00,3.00,48.00,,440160.00,0.00,342240.00,0.00,0.00,0.00,0.00,0.00,0.00,0.00,0.00,0.00,0.00,0.0300,0.1700,0.0500,0.0000,0.00,0.00,0.00,0.00,0.00,0.00,,{}
17_505,17,Loading jack up transport and installation platform 4,,Pending,2014-01-14 07:00:00,,782400.00,978000.00,1.2500,0.00,0.00,3.00,48.00,,440160.00,0.00,342240.00,0.00,0.00,0.00,0.00,0.00,0.00,0.00,0.00,0.00,0.00,0.0300,0.1700,0.0500,0.0000,0.00,0.00,0.00,0.00,0.00,0.00,,{}
17_506,17,Loading jack up transport and installation platform 5,,Pending,2014-01-18 07:00:00,,782400.00,978000.00,1.2500,0.00,0.00,3.00,48.00,,440160.00,0.00,342240.00,0.00,0.00,0.00,0.00,0.00,0.00,0.00,0.00,0.00,0.00,0.0300,0.1700,0.0500,0.0000,0.00,0.00,0.00,0.00,0.00,0.00,,{}
17_507,17,Loading jack up transport and installation platform 6,,Pending,2014-01-22 07:00:00,,782400.00,978000.00,1.2500,0.00,0.00,3.00,48.00,,440160.00,0.00,342240.00,0.00,0.00,0.00,0.00,0.00,0.00,0.00,0.00,0.00,0.00,0.0300,0.1700,0.0500,0.0000,0.00,0.00,0.00,0.00,0.00,0.00,,{}
17_508,17,Loading jack up transport and installation platform 7,,Pending,2014-01-26 07:00:00,,782400.00,978000.00,1.2500,0.00,0.00,3.00,48.00,,440160.00,0.00,342240.00,0.00,0.00,0.00,0.00,0.00,0.00,0.00,0.00,0.00,0.00,0.0300,0.1700,0.0500,0.0000,0.00,0.00,0.00,0.00,0.00,0.00,,{}
17_509,17,Loading jack up transport and installation platform 8,,Pending,2014-01-30 07:00:00,,782400.00,978000.00,1.2500,0.00,0.00,3.00,48.00,,440160.00,0.00,342240.00,0.00,0.00,0.00,0.00,0.00,0.00,0.00,0.00,0.00,0.00,0.0300,0.1700,0.0500,0.0000,0.00,0.00,0.00,0.00,0.00,0.00,,{}
17_51,17,Generators Germany-Ostend,,Pending,2013-10-02 07:00:00,,1027000.00,1335100.00,1.3000,0.00,0.00,48.00,768.00,,0.00,0.00,0.00,0.00,1027000.00,0.00,0.00,0.00,0.00,0.00,0.00,0.00,0.00,0.0300,0.1700,0.1000,0.0000,0.00,0.00,0.00,0.00,0.00,0.00,,{}
17_510,17,Loading jack up transport and installation platform 9,,Pending,2014-02-03 07:00:00,,782400.00,978000.00,1.2500,0.00,0.00,3.00,48.00,,440160.00,0.00,342240.00,0.00,0.00,0.00,0.00,0.00,0.00,0.00,0.00,0.00,0.00,0.0300,0.1700,0.0500,0.0000,0.00,0.00,0.00,0.00,0.00,0.00,,{}
17_544,17,Delivery of pin-piles 18,,Pending,2013-07-28 06:00:00,,26930.00,33662.50,1.2500,0.00,0.00,1.00,16.00,,13280.00,0.00,9600.00,0.00,0.00,0.00,0.00,0.00,0.00,0.00,0.00,0.00,0.00,0.0300,0.1700,0.0500,0.0000,810.00,3240.00,0.00,0.00,0.00,0.00,,{}
17_511,17,Loading jack up transport and installation platform 10,,Pending,2014-02-07 07:00:00,,782400.00,978000.00,1.2500,0.00,0.00,3.00,48.00,,440160.00,0.00,342240.00,0.00,0.00,0.00,0.00,0.00,0.00,0.00,0.00,0.00,0.00,0.0300,0.1700,0.0500,0.0000,0.00,0.00,0.00,0.00,0.00,0.00,,{}
17_512,17,Loading jack up transport and installation platform 11,,Pending,2014-02-11 07:00:00,,782400.00,978000.00,1.2500,0.00,0.00,3.00,48.00,,440160.00,0.00,342240.00,0.00,0.00,0.00,0.00,0.00,0.00,0.00,0.00,0.00,0.00,0.0300,0.1700,0.0500,0.0000,0.00,0.00,0.00,0.00,0.00,0.00,,{}
17_513,17,Loading jack up transport and installation platform 12,,Pending,2014-02-15 07:00:00,,782400.00,978000.00,1.2500,0.00,0.00,3.00,48.00,,440160.00,0.00,342240.00,0.00,0.00,0.00,0.00,0.00,0.00,0.00,0.00,0.00,0.00,0.0300,0.1700,0.0500,0.0000,0.00,0.00,0.00,0.00,0.00,0.00,,{}
17_514,17,Loading jack up transport and installation platform 13,,Pending,2014-02-19 07:00:00,,782400.00,978000.00,1.2500,0.00,0.00,3.00,48.00,,440160.00,0.00,342240.00,0.00,0.00,0.00,0.00,0.00,0.00,0.00,0.00,0.00,0.00,0.0300,0.1700,0.0500,0.0000,0.00,0.00,0.00,0.00,0.00,0.00,,{}
17_515,17,Loading jack up transport and installation platform 14,,Pending,2014-02-23 07:00:00,,782400.00,978000.00,1.2500,0.00,0.00,3.00,48.00,,440160.00,0.00,342240.00,0.00,0.00,0.00,0.00,0.00,0.00,0.00,0.00,0.00,0.00,0.0300,0.1700,0.0500,0.0000,0.00,0.00,0.00,0.00,0.00,0.00,,{}
17_516,17,Loading jack up transport and installation platform 15,,Pending,2014-02-27 07:00:00,,782400.00,978000.00,1.2500,0.00,0.00,3.00,48.00,,440160.00,0.00,342240.00,0.00,0.00,0.00,0.00,0.00,0.00,0.00,0.00,0.00,0.00,0.0300,0.1700,0.0500,0.0000,0.00,0.00,0.00,0.00,0.00,0.00,,{}
17_517,17,Loading jack up transport and installation platform 16,,Pending,2014-03-03 07:00:00,,782400.00,978000.00,1.2500,0.00,0.00,3.00,48.00,,440160.00,0.00,342240.00,0.00,0.00,0.00,0.00,0.00,0.00,0.00,0.00,0.00,0.00,0.0300,0.1700,0.0500,0.0000,0.00,0.00,0.00,0.00,0.00,0.00,,{}
17_518,17,Loading jack up transport and installation platform 17,,Pending,2014-03-07 07:00:00,,782400.00,978000.00,1.2500,0.00,0.00,3.00,48.00,,440160.00,0.00,342240.00,0.00,0.00,0.00,0.00,0.00,0.00,0.00,0.00,0.00,0.00,0.0300,0.1700,0.0500,0.0000,0.00,0.00,0.00,0.00,0.00,0.00,,{}
17_519,17,Loading jack up transport and installation platform 18,,Pending,2014-03-11 07:00:00,,782400.00,978000.00,1.2500,0.00,0.00,3.00,48.00,,440160.00,0.00,342240.00,0.00,0.00,0.00,0.00,0.00,0.00,0.00,0.00,0.00,0.00,0.0300,0.1700,0.0500,0.0000,0.00,0.00,0.00,0.00,0.00,0.00,,{}
17_52,17,Blades Denmark-Ostend,,Pending,2013-08-23 18:00:00,,624000.00,811200.00,1.3000,0.00,0.00,39.00,629.00,,0.00,0.00,0.00,0.00,624000.00,0.00,0.00,0.00,0.00,0.00,0.00,0.00,0.00,0.0300,0.1700,0.1000,0.0000,0.00,0.00,0.00,0.00,0.00,0.00,,{}
17_520,17,Loading jack up transport and installation platform 19,,Pending,2014-03-15 07:00:00,,782400.00,978000.00,1.2500,0.00,0.00,3.00,48.00,,440160.00,0.00,342240.00,0.00,0.00,0.00,0.00,0.00,0.00,0.00,0.00,0.00,0.00,0.0300,0.1700,0.0500,0.0000,0.00,0.00,0.00,0.00,0.00,0.00,,{}
17_521,17,Loading jack up transport and installation platform 20,,Pending,2014-03-19 07:00:00,,782400.00,978000.00,1.2500,0.00,0.00,3.00,48.00,,440160.00,0.00,342240.00,0.00,0.00,0.00,0.00,0.00,0.00,0.00,0.00,0.00,0.00,0.0300,0.1700,0.0500,0.0000,0.00,0.00,0.00,0.00,0.00,0.00,,{}
17_522,17,Loading jack up transport and installation platform 21,,Pending,2014-03-23 07:00:00,,782400.00,978000.00,1.2500,0.00,0.00,3.00,48.00,,440160.00,0.00,342240.00,0.00,0.00,0.00,0.00,0.00,0.00,0.00,0.00,0.00,0.00,0.0300,0.1700,0.0500,0.0000,0.00,0.00,0.00,0.00,0.00,0.00,,{}
17_523,17,Loading jack up transport and installation platform 22,,Pending,2014-03-27 07:00:00,,782400.00,978000.00,1.2500,0.00,0.00,3.00,48.00,,440160.00,0.00,342240.00,0.00,0.00,0.00,0.00,0.00,0.00,0.00,0.00,0.00,0.00,0.0300,0.1700,0.0500,0.0000,0.00,0.00,0.00,0.00,0.00,0.00,,{}
17_524,17,Loading jack up transport and installation platform 23,,Pending,2014-03-31 07:00:00,,782400.00,978000.00,1.2500,0.00,0.00,3.00,48.00,,440160.00,0.00,342240.00,0.00,0.00,0.00,0.00,0.00,0.00,0.00,0.00,0.00,0.00,0.0300,0.1700,0.0500,0.0000,0.00,0.00,0.00,0.00,0.00,0.00,,{}
17_525,17,Loading jack up transport and installation platform 24,,Pending,2014-04-04 07:00:00,,782400.00,978000.00,1.2500,0.00,0.00,3.00,48.00,,440160.00,0.00,342240.00,0.00,0.00,0.00,0.00,0.00,0.00,0.00,0.00,0.00,0.00,0.0300,0.1700,0.0500,0.0000,0.00,0.00,0.00,0.00,0.00,0.00,,{}
17_526,17,Delivery of pin-piles OTS,,Pending,2013-05-16 06:00:00,,26930.00,33662.50,1.2500,0.00,0.00,1.00,16.00,,13280.00,0.00,9600.00,0.00,0.00,0.00,0.00,0.00,0.00,0.00,0.00,0.00,0.00,0.0300,0.1700,0.0500,0.0000,810.00,3240.00,0.00,0.00,0.00,0.00,,{}
17_527,17,Delivery of pin-piles 1,,Pending,2013-05-20 06:00:00,,26930.00,33662.50,1.2500,0.00,0.00,1.00,16.00,,13280.00,0.00,9600.00,0.00,0.00,0.00,0.00,0.00,0.00,0.00,0.00,0.00,0.00,0.0300,0.1700,0.0500,0.0000,810.00,3240.00,0.00,0.00,0.00,0.00,,{}
17_528,17,Delivery of pin-piles 2,,Pending,2013-05-24 06:00:00,,26930.00,33662.50,1.2500,0.00,0.00,1.00,16.00,,13280.00,0.00,9600.00,0.00,0.00,0.00,0.00,0.00,0.00,0.00,0.00,0.00,0.00,0.0300,0.1700,0.0500,0.0000,810.00,3240.00,0.00,0.00,0.00,0.00,,{}
17_529,17,Delivery of pin-piles 3,,Pending,2013-05-28 06:00:00,,26930.00,33662.50,1.2500,0.00,0.00,1.00,16.00,,13280.00,0.00,9600.00,0.00,0.00,0.00,0.00,0.00,0.00,0.00,0.00,0.00,0.00,0.0300,0.1700,0.0500,0.0000,810.00,3240.00,0.00,0.00,0.00,0.00,,{}
17_53,17,Towers Germany-Ostend,,Pending,2013-11-28 06:00:00,,624000.00,811200.00,1.3000,0.00,0.00,48.00,768.00,,0.00,0.00,0.00,0.00,624000.00,0.00,0.00,0.00,0.00,0.00,0.00,0.00,0.00,0.0300,0.1700,0.1000,0.0000,0.00,0.00,0.00,0.00,0.00,0.00,,{}
17_530,17,Delivery of pin-piles 4,,Pending,2013-06-01 06:00:00,,26930.00,33662.50,1.2500,0.00,0.00,1.00,16.00,,13280.00,0.00,9600.00,0.00,0.00,0.00,0.00,0.00,0.00,0.00,0.00,0.00,0.00,0.0300,0.1700,0.0500,0.0000,810.00,3240.00,0.00,0.00,0.00,0.00,,{}
17_531,17,Delivery of pin-piles 5,,Pending,2013-06-05 06:00:00,,26930.00,33662.50,1.2500,0.00,0.00,1.00,16.00,,13280.00,0.00,9600.00,0.00,0.00,0.00,0.00,0.00,0.00,0.00,0.00,0.00,0.00,0.0300,0.1700,0.0500,0.0000,810.00,3240.00,0.00,0.00,0.00,0.00,,{}
17_532,17,Delivery of pin-piles 6,,Pending,2013-06-10 06:00:00,,26930.00,33662.50,1.2500,0.00,0.00,1.00,16.00,,13280.00,0.00,9600.00,0.00,0.00,0.00,0.00,0.00,0.00,0.00,0.00,0.00,0.00,0.0300,0.1700,0.0500,0.0000,810.00,3240.00,0.00,0.00,0.00,0.00,,{}
17_533,17,Delivery of pin-piles 7,,Pending,2013-06-14 06:00:00,,26930.00,33662.50,1.2500,0.00,0.00,1.00,16.00,,13280.00,0.00,9600.00,0.00,0.00,0.00,0.00,0.00,0.00,0.00,0.00,0.00,0.00,0.0300,0.1700,0.0500,0.0000,810.00,3240.00,0.00,0.00,0.00,0.00,,{}
17_534,17,Delivery of pin-piles 8,,Pending,2013-06-18 06:00:00,,26930.00,33662.50,1.2500,0.00,0.00,1.00,16.00,,13280.00,0.00,9600.00,0.00,0.00,0.00,0.00,0.00,0.00,0.00,0.00,0.00,0.00,0.0300,0.1700,0.0500,0.0000,810.00,3240.00,0.00,0.00,0.00,0.00,,{}
17_535,17,Delivery of pin-piles 9,,Pending,2013-06-22 06:00:00,,26930.00,33662.50,1.2500,0.00,0.00,1.00,16.00,,13280.00,0.00,9600.00,0.00,0.00,0.00,0.00,0.00,0.00,0.00,0.00,0.00,0.00,0.0300,0.1700,0.0500,0.0000,810.00,3240.00,0.00,0.00,0.00,0.00,,{}
17_536,17,Delivery of pin-piles 10,,Pending,2013-06-26 06:00:00,,26930.00,33662.50,1.2500,0.00,0.00,1.00,16.00,,13280.00,0.00,9600.00,0.00,0.00,0.00,0.00,0.00,0.00,0.00,0.00,0.00,0.00,0.0300,0.1700,0.0500,0.0000,810.00,3240.00,0.00,0.00,0.00,0.00,,{}
17_537,17,Delivery of pin-piles 11,,Pending,2013-06-30 06:00:00,,26930.00,33662.50,1.2500,0.00,0.00,1.00,16.00,,13280.00,0.00,9600.00,0.00,0.00,0.00,0.00,0.00,0.00,0.00,0.00,0.00,0.00,0.0300,0.1700,0.0500,0.0000,810.00,3240.00,0.00,0.00,0.00,0.00,,{}
17_538,17,Delivery of pin-piles 12,,Pending,2013-07-04 06:00:00,,26930.00,33662.50,1.2500,0.00,0.00,1.00,16.00,,13280.00,0.00,9600.00,0.00,0.00,0.00,0.00,0.00,0.00,0.00,0.00,0.00,0.00,0.0300,0.1700,0.0500,0.0000,810.00,3240.00,0.00,0.00,0.00,0.00,,{}
17_539,17,Delivery of pin-piles 13,,Pending,2013-07-08 06:00:00,,26930.00,33662.50,1.2500,0.00,0.00,1.00,16.00,,13280.00,0.00,9600.00,0.00,0.00,0.00,0.00,0.00,0.00,0.00,0.00,0.00,0.00,0.0300,0.1700,0.0500,0.0000,810.00,3240.00,0.00,0.00,0.00,0.00,,{}
17_540,17,Delivery of pin-piles 14,,Pending,2013-07-12 06:00:00,,26930.00,33662.50,1.2500,0.00,0.00,1.00,16.00,,13280.00,0.00,9600.00,0.00,0.00,0.00,0.00,0.00,0.00,0.00,0.00,0.00,0.00,0.0300,0.1700,0.0500,0.0000,810.00,3240.00,0.00,0.00,0.00,0.00,,{}
17_541,17,Delivery of pin-piles 15,,Pending,2013-07-16 06:00:00,,26930.00,33662.50,1.2500,0.00,0.00,1.00,16.00,,13280.00,0.00,9600.00,0.00,0.00,0.00,0.00,0.00,0.00,0.00,0.00,0.00,0.00,0.0300,0.1700,0.0500,0.0000,810.00,3240.00,0.00,0.00,0.00,0.00,,{}
17_543,17,Delivery of pin-piles 17,,Pending,2013-07-24 06:00:00,,26930.00,33662.50,1.2500,0.00,0.00,1.00,16.00,,13280.00,0.00,9600.00,0.00,0.00,0.00,0.00,0.00,0.00,0.00,0.00,0.00,0.00,0.0300,0.1700,0.0500,0.0000,810.00,3240.00,0.00,0.00,0.00,0.00,,{}
17_545,17,Delivery of pin-piles 19,,Pending,2013-08-01 06:00:00,,26930.00,33662.50,1.2500,0.00,0.00,1.00,16.00,,13280.00,0.00,9600.00,0.00,0.00,0.00,0.00,0.00,0.00,0.00,0.00,0.00,0.00,0.0300,0.1700,0.0500,0.0000,810.00,3240.00,0.00,0.00,0.00,0.00,,{}
17_546,17,Delivery of pin-piles 20,,Pending,2013-08-05 06:00:00,,26930.00,33662.50,1.2500,0.00,0.00,1.00,16.00,,13280.00,0.00,9600.00,0.00,0.00,0.00,0.00,0.00,0.00,0.00,0.00,0.00,0.00,0.0300,0.1700,0.0500,0.0000,810.00,3240.00,0.00,0.00,0.00,0.00,,{}
17_547,17,Delivery of pin-piles 21,,Pending,2013-08-13 06:00:00,,26930.00,33662.50,1.2500,0.00,0.00,1.00,16.00,,13280.00,0.00,9600.00,0.00,0.00,0.00,0.00,0.00,0.00,0.00,0.00,0.00,0.00,0.0300,0.1700,0.0500,0.0000,810.00,3240.00,0.00,0.00,0.00,0.00,,{}
17_548,17,Delivery of pin-piles 22,,Pending,2013-08-09 06:00:00,,26930.00,33662.50,1.2500,0.00,0.00,1.00,16.00,,13280.00,0.00,9600.00,0.00,0.00,0.00,0.00,0.00,0.00,0.00,0.00,0.00,0.00,0.0300,0.1700,0.0500,0.0000,810.00,3240.00,0.00,0.00,0.00,0.00,,{}
17_549,17,Delivery of pin-piles 23,,Pending,2013-08-17 06:00:00,,26930.00,33662.50,1.2500,0.00,0.00,1.00,16.00,,13280.00,0.00,9600.00,0.00,0.00,0.00,0.00,0.00,0.00,0.00,0.00,0.00,0.00,0.0300,0.1700,0.0500,0.0000,810.00,3240.00,0.00,0.00,0.00,0.00,,{}
17_550,17,Delivery of pin-piles 24,,Pending,2013-08-21 06:00:00,,26930.00,33662.50,1.2500,0.00,0.00,1.00,16.00,,13280.00,0.00,9600.00,0.00,0.00,0.00,0.00,0.00,0.00,0.00,0.00,0.00,0.00,0.0300,0.1700,0.0500,0.0000,810.00,3240.00,0.00,0.00,0.00,0.00,,{}
17_551,17,Purchasing of pin-piles,,Pending,2013-02-04 06:00:00,,6264000.00,7830000.00,1.2500,0.00,0.00,50.00,800.00,,0.00,0.00,0.00,0.00,6264000.00,0.00,0.00,0.00,0.00,0.00,0.00,0.00,0.00,0.0300,0.1700,0.0500,0.0000,0.00,0.00,0.00,0.00,0.00,0.00,,{}
17_56,17,Preparation of the onshore site,,Pending,2013-03-18 06:00:00,,1651200.00,2064000.00,1.2500,0.00,0.00,30.00,480.00,,1363200.00,0.00,288000.00,0.00,0.00,0.00,0.00,0.00,0.00,0.00,0.00,0.00,0.00,0.0300,0.1700,0.0500,0.0000,0.00,0.00,0.00,0.00,0.00,0.00,,{}
17_57,17,Assembly of gearbox and generator,,Pending,2013-11-19 07:00:00,,1213440.00,1516800.00,1.2500,0.00,0.00,48.00,768.00,,1059840.00,0.00,153600.00,0.00,0.00,0.00,0.00,0.00,0.00,0.00,0.00,0.00,0.00,0.0300,0.1700,0.0500,0.0000,0.00,0.00,0.00,0.00,0.00,0.00,,{}
17_58,17,Assembly of blades,,Pending,2013-10-02 07:00:00,,1305600.00,1632000.00,1.2500,0.00,0.00,48.00,768.00,,1152000.00,0.00,153600.00,0.00,0.00,0.00,0.00,0.00,0.00,0.00,0.00,0.00,0.00,0.0300,0.1700,0.0500,0.0000,0.00,0.00,0.00,0.00,0.00,0.00,,{}
17_6,17,Mobilisation of vessels,,Pending,2013-04-06 06:00:00,,1656000.00,2070000.00,1.2500,0.00,0.00,15.00,240.00,,859200.00,0.00,796800.00,0.00,0.00,0.00,0.00,0.00,0.00,0.00,0.00,0.00,0.00,0.0300,0.1700,0.0500,0.0000,0.00,0.00,0.00,0.00,0.00,0.00,,{}
17_7,17,Seabed preparations,,Pending,2013-04-21 06:00:00,,3416000.00,4270000.00,1.2500,0.00,0.00,25.00,400.00,,2088000.00,0.00,1328000.00,0.00,0.00,0.00,0.00,0.00,0.00,0.00,0.00,0.00,0.00,0.0300,0.1700,0.0500,0.0000,0.00,0.00,0.00,0.00,0.00,0.00,,{}
17_75,17,Purchase of base materials,,Pending,2013-02-04 06:00:00,,176000.00,228800.00,1.3000,0.00,0.00,40.00,640.00,,0.00,0.00,0.00,0.00,176000.00,0.00,0.00,0.00,0.00,0.00,0.00,0.00,0.00,0.0300,0.1700,0.1000,0.0000,0.00,0.00,0.00,0.00,0.00,0.00,,{}
17_76,17,Construction of jacket foundation for OTS,,Pending,2013-03-16 06:00:00,,278000.00,347500.00,1.2500,0.00,0.00,10.00,160.00,,0.00,0.00,0.00,0.00,278000.00,0.00,0.00,0.00,0.00,0.00,0.00,0.00,0.00,0.0300,0.1700,0.0500,0.0000,0.00,0.00,0.00,0.00,0.00,0.00,,{}
17_77,17,Transport of jacket foundation to Ostend,,Pending,2013-05-31 06:00:00,,79360.00,84121.60,1.0600,0.00,0.00,2.00,32.00,,45760.00,0.00,33600.00,0.00,0.00,0.00,0.00,0.00,0.00,0.00,0.00,0.00,0.00,0.0015,0.0085,0.0500,0.0000,0.00,0.00,0.00,0.00,0.00,0.00,,{}
17_81,17,Installation of jacket foundation of OTS,,Pending,2013-06-03 06:00:00,,143680.00,179600.00,1.2500,0.00,0.00,1.00,16.00,,85760.00,0.00,57920.00,0.00,0.00,0.00,0.00,0.00,0.00,0.00,0.00,0.00,0.00,0.0300,0.1700,0.0500,0.0000,0.00,0.00,0.00,0.00,0.00,0.00,,{}
17_82,17,Transport of jacket foundation in sea,,Pending,2013-06-02 06:00:00,,49920.00,62400.00,1.2500,0.00,0.00,1.00,16.00,,33120.00,0.00,16800.00,0.00,0.00,0.00,0.00,0.00,0.00,0.00,0.00,0.00,0.00,0.0300,0.1700,0.0500,0.0000,0.00,0.00,0.00,0.00,0.00,0.00,,{}
17_84,17,Purchase of base materials,,Pending,2013-02-04 06:00:00,,3045000.00,3958500.00,1.3000,0.00,0.00,150.00,2400.00,,0.00,0.00,0.00,0.00,3045000.00,0.00,0.00,0.00,0.00,0.00,0.00,0.00,0.00,0.0300,0.1700,0.1000,0.0000,0.00,0.00,0.00,0.00,0.00,0.00,,{}
17_85,17,Erection of 1st main deck section,,Pending,2013-04-05 06:00:00,,696000.00,870000.00,1.2500,0.00,0.00,30.00,480.00,,0.00,0.00,0.00,0.00,696000.00,0.00,0.00,0.00,0.00,0.00,0.00,0.00,0.00,0.0300,0.1700,0.0500,0.0000,0.00,0.00,0.00,0.00,0.00,0.00,,{}
17_86,17,Erection of 2st main deck section,,Pending,2013-05-05 06:00:00,,696000.00,870000.00,1.2500,0.00,0.00,30.00,480.00,,0.00,0.00,0.00,0.00,696000.00,0.00,0.00,0.00,0.00,0.00,0.00,0.00,0.00,0.0300,0.1700,0.0500,0.0000,0.00,0.00,0.00,0.00,0.00,0.00,,{}
17_87,17,Erection of mezzanine deck,,Pending,2013-06-04 06:00:00,,654000.00,817500.00,1.2500,0.00,0.00,16.00,256.00,,0.00,0.00,0.00,0.00,654000.00,0.00,0.00,0.00,0.00,0.00,0.00,0.00,0.00,0.0300,0.1700,0.0500,0.0000,0.00,0.00,0.00,0.00,0.00,0.00,,{}
17_88,17,Construction of roof deck,,Pending,2013-06-20 06:00:00,,696000.00,870000.00,1.2500,0.00,0.00,16.00,256.00,,0.00,0.00,0.00,0.00,696000.00,0.00,0.00,0.00,0.00,0.00,0.00,0.00,0.00,0.0300,0.1700,0.0500,0.0000,0.00,0.00,0.00,0.00,0.00,0.00,,{}
17_89,17,Internal finishings,,Pending,2013-07-06 06:00:00,,205000.00,256250.00,1.2500,0.00,0.00,2.00,33.00,,0.00,0.00,0.00,0.00,205000.00,0.00,0.00,0.00,0.00,0.00,0.00,0.00,0.00,0.0300,0.1700,0.0500,0.0000,0.00,0.00,0.00,0.00,0.00,0.00,,{}
17_90,17,Installation of transformer equipment,,Pending,2013-07-08 07:00:00,,864000.00,1080000.00,1.2500,0.00,0.00,60.00,960.00,,0.00,0.00,0.00,0.00,864000.00,0.00,0.00,0.00,0.00,0.00,0.00,0.00,0.00,0.0300,0.1700,0.0500,0.0000,0.00,0.00,0.00,0.00,0.00,0.00,,{}
17_91,17,Preparation for upcoming transport,,Pending,2013-09-06 07:00:00,,123000.00,153750.00,1.2500,0.00,0.00,10.00,160.00,,0.00,0.00,0.00,0.00,123000.00,0.00,0.00,0.00,0.00,0.00,0.00,0.00,0.00,0.0300,0.1700,0.0500,0.0000,0.00,0.00,0.00,0.00,0.00,0.00,,{}
17_94,17,Transport of OTS,,Pending,2013-09-16 07:00:00,,39680.00,49600.00,1.2500,0.00,0.00,1.00,16.00,,22880.00,0.00,16800.00,0.00,0.00,0.00,0.00,0.00,0.00,0.00,0.00,0.00,0.00,0.0300,0.1700,0.0500,0.0000,0.00,0.00,0.00,0.00,0.00,0.00,,{}
17_95,17,Installation of OTS foundation,,Pending,2013-09-17 07:00:00,,143680.00,179600.00,1.2500,0.00,0.00,1.00,16.00,,85760.00,0.00,57920.00,0.00,0.00,0.00,0.00,0.00,0.00,0.00,0.00,0.00,0.00,0.0300,0.1700,0.0500,0.0000,0.00,0.00,0.00,0.00,0.00,0.00,,{}
